date,mkt_rf,smb,hml,wml,rf
1993-11-01,0.176218944309642,-0.0942270542332044,-0.00558586630116287,0.126212336899155,0.00611432097208131
1993-12-01,0.0829219217272565,-0.037740029710679496,0.07553438172478551,-0.0330445039636852,0.00613010054067908
1994-01-01,0.187178209778289,0.053004610859964905,-0.0418631982534136,-0.0509896007056128,0.00856796915905944
1994-02-01,0.04886871111081929,0.0363938630714877,-0.025723612551569,0.0506196109425103,0.00620017402442952
1994-03-01,-0.132123802711507,0.023143998894861004,-0.0189714445976432,-0.00998293312181131,0.00618383117228793
1994-04-01,-0.0269728693957357,0.00040691307334550503,-0.0465306231305399,-0.018947798632424,0.0056198633745847505
1994-05-01,0.026587475609911603,0.0114055089788356,0.05917576743268851,-0.09795518151621771,0.006298084649347671
1994-06-01,0.0727143852425223,-0.0555955088694338,0.114235074397141,-0.009027473717633459,0.00647116834060557
1994-07-01,0.041729979296029306,0.0923846504633545,-0.012750652224047102,-0.101790521942208,0.00679861355034084
1994-08-01,0.0859465217727804,0.044181232255958006,-0.0234169289689259,-0.0209331283510926,0.00716370827482615
1994-09-01,-0.060196537012142996,0.0786089433970429,0.0168129983078806,-0.04207830161244899,0.00663979860065145
1994-10-01,0.00207257821764872,0.0461075664282344,0.094008113631749,0.00490523506630947,0.00728841063527219
1994-12-01,-0.0842459094945908,0.0519754486997095,-0.0600567334763198,-0.05336815889506721,0.00743669948229453
1995-01-01,-0.09266371038999001,0.0376485323911118,-0.0394818195405071,-0.0222252730128912,0.00933246967401113
1995-02-01,-0.0755517105642698,-0.0473054152269144,0.040054759271686,0.0490283498007951,0.00821289357629573
1995-03-01,-0.0568831566970531,0.0150858679355064,0.014708781740743,-0.018894737124238198,0.009458388566793369
1995-04-01,-0.09580866968896821,-0.0846980749501369,-0.0218926173513405,0.00687954286332793,0.00870222311093016
1995-05-01,0.0025947720862005102,-0.0361539813906552,-0.0477782766290351,-0.0239831523443532,0.0102123420979108
1995-06-01,-0.0659211092086806,-0.0606414794734472,0.0034014056501663298,0.0167462210161864,0.00962289813867701
1995-07-01,0.0300312167832677,-0.017558851251283102,0.011920688754361499,-0.0103510952914462,0.0102767380835123
1995-08-01,-0.052816758813555395,0.00492820156154683,-0.0244879179859104,0.0616473024427491,0.0101639120009691
1995-09-01,0.0127065408413392,-0.038769146450625,0.021428488005932098,0.007437533390596049,0.009447944793319561
1995-10-01,-0.052728939915661195,-0.0103186053456834,0.00289768748150987,0.008070798737482619,0.0105628456543301
1995-11-01,-0.14746746607980799,-0.00213079925285442,-0.029016934064961298,-0.028842222144166,0.010058611548443099
1995-12-01,0.036583448338618,-0.0155780535432553,-0.0130549624473799,0.00355719881763972,0.009727755862213751
1996-01-01,-0.0831670278158461,-0.0576566771447432,-0.054421216060961106,0.0574703317836551,0.0110769209392179
1996-02-01,0.141743772239011,-0.0238036570064522,-0.0592935154474079,0.000928737063288665,0.009727755862213529
1996-03-01,-0.0015465908086193,-0.047017687673957705,-0.0776595032672133,0.0708470685465752,0.009727755862213529
1996-04-01,0.10653747570537099,-0.10603408292950199,-0.00534751021970992,0.0688786753525983,0.0106088156784578
1996-05-01,-0.04638892465004,-0.0409999246285637,-0.0357638514090266,0.108766907527552,0.0099621186370018
1996-06-01,0.0275446177007499,-0.0523567175391344,-0.0219262457740225,0.0612612565534072,0.00901075197424195
1996-07-01,-0.114452513515446,-0.045523415847045404,-0.0509309902466447,0.0860062470117578,0.00916309175808561
1996-08-01,-0.0292965149080532,0.008188781077770319,-0.00891936509272195,-0.0435759275268822,0.007287457769946219
1996-09-01,-0.10878222785833501,-0.0419278078102966,-0.019705874386275798,0.0285682001091927,0.00814532258354927
1996-10-01,-0.048755422178368805,-0.0406868624428754,0.0206040194186068,-0.0188230329590825,0.00801622808112157
1996-11-01,-0.0945224974982724,-0.025666331077024197,0.027703238745586202,0.033052189008150504,0.0057013438354935895
1996-12-01,0.0756460338779177,-0.016994297081671,0.11197788523675699,-0.12064463920077201,0.00687641393804306
1997-01-01,0.062405700273669505,-0.0704526257054059,0.0310189131645562,-0.138693307227663,0.0066601032400504
1997-02-01,0.0361089881058503,-0.132823090523223,0.021909954652397298,0.10114780756759799,0.00576624022285688
1997-03-01,-0.0550358053542129,-0.072426525736535,-0.0127397475280603,0.07784886138490381,0.0064806160402122205
1997-04-01,0.09692732444052711,-0.08710712220723141,-0.0570824531750012,0.0761864919008539,0.00527775754797855
1997-05-01,-0.0152250259316062,-0.056409151456683,-0.0888540688171179,0.11709638425510199,0.00515901293969745
1997-06-01,0.12384923705492,-0.09757194694058059,-0.057295577699179,0.0312247644933923,0.00566969740931222
1997-07-01,0.032586497683781704,0.09641765595341241,0.165823191911606,-0.105263189730127,0.00563237609426426
1997-08-01,-0.0926608174189335,0.0158616716738804,-0.00964484791848641,-0.00855979434001441,0.0051052478880060405
1997-09-01,-0.0175872683183396,-0.09554433476109629,-0.0230366968366987,0.148112702958928,0.00573866813006663
1997-10-01,-0.0356650041398605,-0.0329427883367875,-0.0460695526018162,0.040521112084189494,0.0053745552302284505
1997-11-01,-0.0644651505400087,0.00891918237735068,-0.0951426093616798,0.08202080206567629,0.00479884756737992
1997-12-01,-0.000986409832164914,-0.00967985314408804,0.00768969918226037,-0.0546668729663691,0.0061284728128716505
1998-01-01,-0.118141005988135,0.0178551619143918,0.050561735288704,-0.118920218519215,0.00575510520793032
1998-02-01,0.108816316387937,-0.0710494771248126,-0.058465150754402305,0.0638929513517841,0.00543892964262671
1998-03-01,0.0635263344601831,0.0255385495130258,0.0274744926792467,-0.18763480775514602,0.00621833070190947
1998-04-01,0.0655198193270592,0.046098053996525896,0.100742981151179,-0.0992534997237921,0.00582855467903598
1998-05-01,-0.0316200478574951,-0.010091246020939899,0.0979164091440963,0.0368272008884349,0.00560391107750169
1998-06-01,-0.170030312994721,0.011500839958174601,-0.144300947377976,0.0167049697796295,0.00621833070190947
1998-07-01,-0.0064419387551099,0.0434970289848515,-0.111455756557207,0.11984968464934,0.006246768093428609
1998-08-01,-0.0356544042206227,0.065468248642822,0.0653441288951568,-0.041348648618543704,0.0063392557659791605
1998-09-01,0.0442689983054465,-0.0146548875886121,-0.012531701892755001,-0.0896462249629204,0.0068219677194356594
1998-10-01,-0.0797599882498127,0.0315259185635925,0.0123764517051494,0.00745848244192748,0.00772163382264113
1998-11-01,-0.025044987823340602,-0.0100686394929695,0.0227435526500368,-0.0374752224248491,0.007524467269996779
1998-12-01,0.0780769587950356,0.00811265845512787,-0.0934726152534134,-0.006549621244852591,0.00771261824282488
1999-01-01,0.0668728008418527,0.0419825178835076,0.0221260300839652,0.151939774177015,0.007234110093275789
1999-02-01,0.0032102473319297596,-0.00904489573653799,-0.0900002849354566,0.114537480993043,0.00723303883289694
1999-03-01,0.072442221898475,0.142769555234067,-0.053822575822857696,0.10392647436046,0.00750173612060312
1999-04-01,-0.10188632679818299,-0.0649684692545757,0.0133467183459424,-0.031624357523796,0.0067619285365359
1999-05-01,0.12015240475936499,-0.0783977937981173,-0.00897034164858501,-0.107636740849972,0.0068828386493851
1999-06-01,0.0476750621562163,-0.0491510006954147,0.114685856791602,-0.124957216130425,0.00706368151343129
1999-07-01,0.11424424477179,0.0238541352752615,0.0286037792962006,-0.00321893204504675,0.00731433355841871
1999-08-01,0.128258641373587,0.134189045474394,0.0885611170165734,-0.0953879292782237,0.00771240859583133
1999-09-01,0.029789031723481896,-0.0612964016048062,-0.0606272746514279,0.0893360267031089,0.00745064118460803
1999-10-01,-0.0378997737464303,-0.042178818479243894,0.225609830231984,-0.0166636503439876,0.0072013944041562404
1999-11-01,0.0681870627892311,0.024931725326573104,-0.16272347495608902,0.161097838123106,0.00787850694480863
1999-12-01,0.144885477947918,0.125922413926413,-0.0618528221863875,0.304749624753102,0.00701173881125849
2000-01-01,0.056832470994832,-0.0117993646261938,-0.189660807542577,0.0770867652771665,0.0075971046091825
2000-02-01,0.118716209023787,0.05313824094496861,-0.0644756908781499,0.266749366100639,0.006610167478768861
2000-03-01,-0.125595220243144,-0.0603278371450272,0.043802031331277906,-0.10882651184844,0.0074314419655387995
2000-04-01,-0.22773564578935598,-0.054742891043377796,-0.0161606434463699,-0.211189118500093,0.00622522401240078
2000-05-01,-0.0950892243867056,-0.0932531840735609,0.164335158699519,-0.197818799650879,0.00706608112163254
2000-06-01,0.0932418956098455,0.0304630255430973,-0.0686144704248786,0.0859822089380102,0.00701712695471857
2000-07-01,-0.115114712314294,-0.0399108765320296,0.0369054309973464,-0.106674093314884,0.00718583412794405
2000-08-01,0.0658440687014306,0.0397029196526966,-0.00133119598924514,0.0258194240338616,0.00786492633333435
2000-09-01,-0.109120270585202,-0.019753915552012,0.0567637681751505,-0.027303403115733097,0.00782658268724212
2000-10-01,-0.08799324051995869,-0.0265429425698742,0.0843275182704641,-0.061043137908769696,0.0082248989387661
2000-11-01,0.0703759213371928,-0.049016543906160503,0.14164962315652802,-0.0921455343098816,0.00721809062329726
2000-12-01,-0.0234796797082867,-0.0190851321749503,0.0507500662069156,0.00732486014046141,0.00682827628448868
2001-01-01,0.0656106778380408,-0.0990875062085639,0.054835144405665594,0.0662765357180428,0.007677069441562881
2001-02-01,-0.0423188183372129,-0.0240274076668676,0.123329348935981,0.16368006419807699,0.00635056499708764
2001-03-01,-0.217204470080189,-0.0702008638729276,-0.0366537622509889,0.35819305189559003,0.006510552939791751
2001-04-01,-0.0184892760244014,-0.0650762101065789,0.035136900794964,-0.032615238770224105,0.00679253319040241
2001-05-01,0.0606790812529552,0.044708133502287,0.00699810093144304,-0.0791717924997417,0.00628400277940333
2001-06-01,-0.08211593320913779,-0.0349157130909374,-0.0799240974100704,0.048346126531021404,0.00561239980819472
2001-07-01,-0.0458457933585386,-0.0377132932427068,-0.008035846825859559,0.167162541606966,0.00600632467669904
2001-08-01,-0.0138691931878357,0.0501973098607005,-0.0246516309202869,-0.0553259770926776,0.005707019845217601
2001-09-01,-0.142230121596192,0.00489292359368521,-0.00378803182646814,0.211936542272748,0.00518231745161923
2001-10-01,0.050626334889475995,0.028462948615297,0.00236737239854268,-0.133251001241864,0.00604662027749048
2001-11-01,0.12422801242814399,0.0843322146870851,-0.00340619437397038,-0.276148308910385,0.00516816446361568
2001-12-01,-0.0038047191753750598,0.0111589388149607,-0.0523812054403201,-0.0371471067466838,0.00575994692261017
2002-01-01,0.0181413280900133,-0.0149173572355203,-0.0572567745637198,0.0566966530429365,0.005614195707109641
2002-02-01,0.0881241499196344,-0.13833203135575,0.0516675554815933,0.09427683775716879,0.00473013520637466
2002-03-01,0.0234500264852184,0.0161073695931786,-0.0596326719160176,0.0786473232708715,0.0045506883537571605
2002-04-01,0.0185110059782372,0.045647006666524194,0.023866452815251,0.043333307213584,0.00522612769150066
2002-05-01,-0.0472521916435539,-0.0114057370570712,0.246427799124932,-0.0426558882310887,0.00541876228674898
2002-06-01,0.0440845226317066,0.124870018218292,0.245235662293843,-0.0367254213878664,0.00477820837103993
2002-07-01,-0.0913177920607372,-0.0788122124694136,-0.0792808349233367,0.0106966666410773,0.00515977695887004
2002-08-01,0.0497911780754792,-0.0270124367704248,-0.0485287308862746,-0.0230618523633154,0.00464390641066248
2002-09-01,-0.0675232508340865,0.0179897726456362,-0.010405925801452401,-0.0355913986676067,0.0047433853532841104
2002-10-01,-0.00914993880265103,-0.051851757487270805,0.010773072765977401,0.08573050934014549,0.00475089097058379
2002-11-01,0.06443986903587269,0.00922258288542754,0.0412210007091807,-0.0906056949265906,0.00423817019159656
2002-12-01,0.0387761515325846,-0.011820570366268499,-0.0164248776881724,0.0359840459505885,0.00456202437948372
2003-01-01,-0.036718918144364,-0.0473657893976789,0.017248676942555097,0.0871873251117876,0.00451519251708477
2003-02-01,0.0154247420002795,-0.0260215990120622,-0.013428679566294599,0.0357558448589219,0.00424801272027553
2003-03-01,-0.0876924743529147,-0.0472167094048078,-0.0517732019491943,0.0531596909822383,0.0047925887101520894
2003-04-01,-0.00883798853531048,0.0305323173526095,0.0257762164638295,-0.026177722316945,0.004218421967410181
2003-05-01,0.152495226251903,0.0429872074668618,0.0942719234488136,0.07224263447799921,0.0036450334765294502
2003-06-01,0.121850793099908,0.0289511256140185,0.0600024808230137,-0.06489100832306831,0.00408283447864077
2003-07-01,0.0479705900674792,0.0505245928742264,0.0319385045210088,0.0124060937013255,0.00407101201624926
2003-08-01,0.183573168510905,-0.08060779717444641,0.0385801972815021,0.0708488023900458,0.00380055162544712
2003-09-01,0.0334026044837039,-0.024009521829506,-0.165298471928844,0.0096279597166169,0.00397250987680842
2003-10-01,0.0555382287205846,-0.039536500944014404,-0.0316229816648469,0.04826316607994421,0.0037807572372965397
2003-11-01,0.0696934061187753,0.0852094546379432,0.138800870880535,-0.057642592619828494,0.00339181041663705
2003-12-01,0.189407786306052,0.043804664920455504,0.101043042602612,-0.0298302464010602,0.00372728704109915
2004-01-01,-0.062089952900192806,-0.093259619055576,-0.050096517288057994,0.0350469683616719,0.00342019732336896
2004-02-01,-0.0141557690990896,-0.0233617647544863,-0.0735988699283171,0.044975997224779,0.0032768113523711203
2004-03-01,-0.00920176911544124,-0.0382728278989154,0.000336425842287991,0.079973565532238,0.00378866615739093
2004-04-01,0.0302034580243631,0.07459379789851871,0.054899437199213794,0.035713652296394297,0.00352243657269824
2004-05-01,-0.177292291924541,0.0533225151894083,-0.0367363633244678,-0.118961372467585,0.00366029958026681
2004-06-01,0.0150968101258875,-0.0117985047687944,-0.00101092139617864,0.0266019432257159,0.0035783434456322398
2004-07-01,0.089597131471473,0.00432962211443511,0.058627545599428295,0.052844434928631195,0.00360524078595925
2004-08-01,0.0236861376698545,0.11747231435107,0.0290000367219654,0.00508310012670288,0.0040498291596886594
2004-09-01,0.07715276979793441,0.00981110521463413,0.0933751174904958,-0.0222654802775005,0.0037977090391365697
2004-10-01,0.017823235575084,0.024252077742215498,0.0210249805383813,0.062230565355066506,0.00396622341912356
2004-11-01,0.0828715658389101,0.0426630580620666,0.140621502756984,-0.00760354863749269,0.004681779068532069
2004-12-01,0.0811110132788473,0.0352583302717817,0.0333907705976322,0.0316863629359114,0.00439720458550541
2005-01-01,-0.0175006896268892,0.0185403470922079,-0.04173800952693749,0.034220856009642205,0.00441657259532202
2005-02-01,0.0344276475097258,0.0380912751622051,0.030358814200624803,0.05938405936909889,0.00393823528846227
2005-03-01,-0.0372775880302803,0.053682999266005095,-0.0113050978529444,0.045671010180549095,0.00434989303322042
2005-04-01,-0.034467009103922,0.0527802307037026,0.0241110388416201,-0.0687100459924134,0.00404854544007494
2005-05-01,0.08412668009106779,0.0313019138861772,0.121251588170574,-0.0365644956253137,0.0044312294575363795
2005-06-01,0.0347254265610788,0.00753175847612786,0.024998603464352998,0.0127696330722433,0.00422555158646287
2005-07-01,0.0599039769222018,0.019545864814671098,0.0158612168304835,0.0669938076743506,0.00421299263547725
2005-08-01,0.072366348944237,0.115126839802709,0.07581354688685239,0.0167730102272707,0.00466639135680746
2005-09-01,0.0510577682321796,-0.0912169136513868,-0.060788663832071294,0.00024276639814968501,0.00415779869191035
2005-10-01,-0.0932854124547267,-0.038006967372255,-0.048181992136721405,-0.0606206058565137,0.00454664724499998
2005-11-01,0.115603632171131,0.00843464720632525,-0.0222770532597149,0.0256151087993197,0.00460157440814646
2005-12-01,0.0650597411977156,0.0010766844268999,-0.0571146596247615,0.0401433721121889,0.00464662616931988
2006-01-01,0.0666062704686685,-0.019803845952171897,0.00617113624534427,0.07353096182526149,0.005282771925068101
2006-02-01,0.025645133873938103,-0.0309105083688703,-0.0121794238953347,-0.00952637878993601,0.00493005578972561
2006-03-01,0.104690570095421,-0.0104003786514886,-0.050368450019036004,0.0900108939897082,0.00544094662828432
2006-04-01,0.0771201402113015,0.027602226773577997,0.0607213819070829,-0.0114059054350399,0.00438901025823513
2006-05-01,-0.14770863915430898,0.058801806050367195,0.0401252378899486,-0.0106939936546455,0.0048193305205122
2006-06-01,-0.039579862028751196,-0.129750782205615,-0.037866368896338,0.0532483538639075,0.00479458415017509
2006-07-01,-0.016215138918525898,-0.0199233860456137,-0.00262781008228008,0.0586854457989574,0.0052825450186275704
2006-08-01,0.0825211641708117,0.012253489513269999,0.0347398143861277,-0.004170310856913,0.00528040313646838
2006-09-01,0.0468876908268427,0.00498233770194312,0.00260376405583362,0.0387272743263856,0.0049936790445801495
2006-10-01,0.0421245275697637,0.013792745527421199,-0.0162762786252653,0.0483625061023558,0.00563202668349105
2006-11-01,0.0425374751807959,0.000203648772533649,-0.0098750171028763,0.0599757669958021,0.00529913497182144
2006-12-01,0.00835345137191834,0.0276073276288149,0.06820960024398069,0.0308526702923448,0.0053080058506189695
2007-01-01,0.0306386238660092,0.0204513934948216,0.0683670966257659,0.00033417733615004303,0.00629256331593275
2007-02-01,-0.0843636634133917,-0.030958877256651397,-0.0343273665820564,0.0235713785722818,0.00570485417589395
2007-03-01,0.00354197374412113,-0.0613561695273587,0.00511993517143106,0.0196305774518608,0.006049767826081131
2007-04-01,0.0683458166223989,-0.00874917575326062,-0.0072979052396458,-0.0066215440934515,0.00626328452789537
2007-05-01,0.041244389350790805,0.00647470482262302,-0.0285092791605661,0.0224192932062037,0.00624847429589082
2007-06-01,0.00452387752608763,0.0436692184243972,0.0175024848251029,0.0213252044938552,0.00570299700521781
2007-07-01,0.0461642766199912,-0.0251504353612456,0.0199187600781163,0.029174063745784,0.00473221747214669
2007-08-01,-0.0104629067251255,-0.0199418040217469,0.167248127462891,0.0244935254269758,0.00537405945689717
2007-09-01,0.114689544314957,-0.047254765343284696,0.0748961467052829,-0.0014719851858862,0.005246344985660349
2007-10-01,0.182490108686833,-0.101302853434157,-0.0627303541432227,0.207968852088106,0.006203861399510569
2007-11-01,-0.0111961441291245,0.06544513873925921,0.09888100233591061,0.0144238726071066,0.00588455718789471
2007-12-01,0.115588960992197,0.125865010909928,0.107341531646998,-0.030369422522702,0.00610771056747628
2008-01-01,-0.21674226926470103,-0.027068029379811703,-0.10745741731646201,-0.0435944997379135,0.00584507415226199
2008-02-01,0.00588033766650864,-0.10033102990293,0.0717883477975161,-0.022106256851229,0.00561344656727769
2008-03-01,-0.114587755177975,-0.0835078780412727,-0.0119675800144952,-0.058159899473458496,0.00605328155672469
2008-04-01,0.10461297873614,0.0291685419576271,0.029298753175651903,-0.0387833478390747,0.00577033400900873
2008-05-01,-0.059951042107216905,-0.046988726763809004,0.0979213351457182,-0.0151326774757626,0.0058717520125846105
2008-06-01,-0.18844220823802602,-0.0089759857435423,0.0459108119900615,-0.0166422979668054,0.006422978422596651
2008-07-01,0.059382808005852696,0.00356948431900306,-0.0268349838863878,0.020367083222504898,0.00732163091970528
2008-08-01,-0.0038395797627639398,0.00590513149829031,-0.010282292411624401,-0.022887071808493798,0.007022298775468671
2008-09-01,-0.143453063260221,-0.058734732320437806,0.0027064837032038103,0.051345310155111096,0.0074260941417332305
2008-10-01,-0.290636536695566,-0.06944041055351119,0.00577245197585441,0.1767235353985,0.00678127333460776
2008-11-01,-0.0637703793132456,-0.0935075753050945,0.012117623570724101,0.121726197762154,0.005460821766374299
2008-12-01,0.0864394842536305,0.00308685242803453,-0.0159879200310683,-0.203141907113087,0.005250845503460559
2009-01-01,-0.033120075624028404,-0.07879565719425,0.026184790255231502,0.115554523521004,0.0037659151526496797
2009-02-01,-0.0310312623833731,-0.0223238472039171,-0.00496258322141718,0.064632485327657,0.00359284224648815
2009-03-01,0.0809924330225968,-0.025683935243744196,-0.0411254853873744,-0.0641619946595623,0.00407907447531941
2009-04-01,0.146669482227918,0.041109363157939595,0.0457417693833904,-0.183273304110911,0.00316429602150325
2009-05-01,0.33552829119642297,0.119788530323823,0.052667202537704204,-0.250038756828543,0.00263766237073426
2009-06-01,-0.0365819324082794,0.010367143770373798,-0.0505233166311203,-0.0429703465762102,0.0028850831869284797
2009-07-01,0.0896452856834604,0.00437718644402874,-0.015479067888435,0.00306537722643241,0.00270228769217873
2009-08-01,0.033596276886908895,0.08601473654556409,0.0757732608423467,-0.0852692171044124,0.0027760016213302903
2009-09-01,0.06512776569319349,-0.012450156595429,0.0156941876571051,0.00505152501130057,0.0027482046677884697
2009-10-01,-0.070211164531046,0.058149341108151294,-0.0322306766177403,0.0872263629911971,0.0026008502125780503
2009-11-01,0.0702465771623124,-0.020087917082276297,0.0243725780351198,0.0717469127999506,0.0027326375194041104
2009-12-01,0.053113042410894096,0.03583040722918,0.035260186822790904,-0.00681892794726691,0.00293838155342652
2010-01-01,-0.0325214700678534,0.0478049225065553,-0.0230981730047162,-0.00207308515271987,0.00289725252515227
2010-02-01,-0.015714488459523498,-0.00930954489808655,-0.000137195493195685,0.0110926851370134,0.00307516183600631
2010-03-01,0.0392568065896717,0.00152924799588883,0.009600649118856051,0.027083694246132998,0.0038161723676346498
2010-04-01,0.00581124989514836,0.0625091959180577,0.0332285407162898,0.0152609347156252,0.00338509326244574
2010-05-01,-0.0452783382320602,0.011482848642157898,-0.0515841451170107,-0.00034118696268992105,0.00356750831517738
2010-06-01,0.0468304976094909,0.0106609239833908,-0.0324671072142149,-0.00085180063023238,0.00422339684943784
2010-07-01,0.006837499292375649,0.015460204661813099,0.0129390138727588,0.044677627002934796,0.00437148585326397
2010-08-01,1.16704985853e-06,0.00636981071332698,0.012638798443458402,0.0498816587180251,0.00517553349133237
2010-09-01,0.0762945448103975,-0.0158578552754777,0.0291559095498926,-0.012168709866771099,0.0048847597918200095
2010-10-01,-0.0024572595946856803,0.0274286464491651,0.0583186426788527,0.0300040800782277,0.00502251673403653
2010-11-01,-0.0563546551472022,-0.012502014616165201,-0.043382276901203595,0.0702240782246291,0.00579999372434559
2010-12-01,0.0303463324388835,-0.0285045391297517,0.0134065424636762,-0.0496896959271393,0.00585148972783123
2011-01-01,-0.100928807670917,-0.029282310885771202,-0.031208025220681,0.0501586351650034,0.005888903765580929
2011-02-01,-0.0524714721273976,-0.014373469505810399,-0.0179098890523524,0.0303096195308752,0.0053178932240223195
2011-03-01,0.070234060748289,-0.0152608117178423,-0.0204256098540212,-0.0005911760398913389,0.00591881174506348
2011-04-01,0.00409053863073483,0.046935109609200595,0.040530377405374705,-0.0219273297903797,0.005599583108603981
2011-05-01,-0.029028648401646803,-0.015990766337187202,-0.0049115888960434805,0.0534181799820428,0.00671992268579591
2011-06-01,-0.00412066425880975,0.00563904264013937,-0.0429768660477281,0.050369867948135895,0.0065034714564276
2011-07-01,-0.024000048567255503,0.055737267422035594,-0.0177943129767011,0.0379848060633488,0.00624945473200578
2011-08-01,-0.0823593641100544,-0.0287408268294039,-0.0177638464394053,0.115620811852369,0.007060580046559069
2011-09-01,-0.015885131142545,0.00631813773661771,-0.004996521526742129,-0.0160983555923732,0.0068713128854716
2011-10-01,0.040289724529968506,-0.0262311821657063,0.00631360594781993,-0.00566580126737937,0.0069637706269623
2011-11-01,-0.0965677645955806,-0.0183517909571063,-0.0312556975245264,0.0799605639157022,0.00694759576408743
2011-12-01,-0.0595780326327787,-0.0314365467640483,-0.0045639694668107,0.0625420493625395,0.006782982518724
2012-01-01,0.10766901272654,-0.025424492910685798,0.140830588947393,-0.179521475720107,0.00723918021862802
2012-02-01,0.0430492599319701,0.027521496421828398,-0.038171672419771,-0.0190597431408015,0.0067932942963202505
2012-03-01,-0.031636927056336,0.0108363950507582,-0.0444417379435069,0.0932008607667818,0.00712054425082465
2012-04-01,-0.015037218545718,0.03966733609326,-0.0284658036918236,0.0203158913405879,0.0071028407632274205
2012-05-01,-0.06320102179433569,-0.00154553371825805,-0.037645481974166305,0.07088795383485609,0.00687981647618341
2012-06-01,0.04855008045042,-0.0033527578961451998,-0.0119298695114377,-0.060130434317316406,0.00633662587876982
2012-07-01,-0.015736411857127,0.0192953010329977,-0.041273076850908,0.049217362135988596,0.0069531401656493
2012-08-01,-0.00190740540976397,0.0317008210267617,-0.0526488252371018,0.114212129198282,0.006737340050541721
2012-09-01,0.0648057223220084,-0.0177035379651515,0.080027557274186,-0.07739764692046179,0.0060252758226258
2012-10-01,-0.0153772553950883,0.0401055939245856,-0.031174294196379,0.028374853648905,0.0070625621066644495
2012-11-01,0.022782317738756303,-0.049076483167705805,0.0924568744057277,-0.031543616695889,0.00646623155231385
2012-12-01,0.00741619759299716,-0.00820625884868886,0.00759495473569127,0.0008009364396988069,0.0066926430544445
2013-01-01,0.012896510287506699,-0.0546356679232517,-0.0341659822787188,0.0251145998660809,0.006581954767171269
2013-02-01,-0.0643233651298021,-0.00649747408800327,-0.106420533755718,0.0786032432487906,0.00590508636572329
2013-03-01,-0.0239761619376876,-0.0130790812161553,-0.05616890144160949,0.0417231747611946,0.005977427151246491
2013-04-01,0.0234914698891449,-0.09352382746739879,0.186472548412915,-0.0361881579920329,0.00684308142996892
2013-05-01,9.402698692495499e-05,-0.0322084542245211,-0.00584733252675862,0.0787954204529731,0.0060820634505265305
2013-06-01,-0.0383550707145121,-0.0670764473356901,0.000547939566982514,0.115309719321011,0.00549174198045166
2013-07-01,-0.00720283570088442,-0.076645962700554,0.00866819834911037,0.115872195220353,0.0071663657642449
2013-08-01,-0.0284031637408863,0.00148018931167537,-0.042050884873083595,-0.0786482934315842,0.00875919034559192
2013-09-01,0.0394451072204922,-0.000424336089734134,0.04009253590559721,-0.0769557573401853,0.00875074507283791
2013-10-01,0.0638931945952781,-0.0070602857596886405,0.0038032555643299198,-0.0567574353948003,0.007381918604411511
2013-11-01,-0.00940457448804133,0.0529653301415713,0.0202076744446293,-0.0381612268007696,0.006710487761642629
2013-12-01,0.0324920456880846,0.028101514423985598,0.0390889385295459,-0.00462225245065528,0.0073571140655777105
2014-01-01,-0.0376705728681919,0.013837284282156598,-0.07414965727179909,0.039226663898377104,0.00712844715430827
2014-02-01,0.0160010503911954,0.0274911715562358,-0.0223763109340454,0.047113687307753595,0.0066559430731794
2014-03-01,0.0523717089877731,-0.00434663196212204,0.0560051726065194,-0.09640665882464329,0.00745739229272857
2014-04-01,0.000375477522859935,0.0570276118906492,0.0772735883667603,-0.0332629926454183,0.00701553254946408
2014-05-01,0.0983022044849138,0.0452577271586994,0.10254464155471499,-0.086654471529914,0.00693804791231423
2014-06-01,0.0689319564074082,0.09850281532941339,0.05310385276962679,0.026910801995793498,0.00699993122228548
2014-07-01,-0.00172287452461894,0.00702409569025431,-0.09434661305402649,-0.013759676781149,0.00700632630520981
2014-08-01,0.0254061953800562,0.035658199279464904,-0.0528010505490716,0.0541767303375591,0.00637589734887967
2014-09-01,0.0141997218234191,0.0540546405314577,-0.014260156079168,0.061772557339102606,0.0074721838278009
2014-10-01,0.011144477656968702,-0.01633959587598,0.0144194984287027,0.0215190051309586,0.00693402644855468
2014-11-01,0.010627628388551101,0.0186098116985429,-0.0121248233003337,0.056144422086350995,0.00614857637481303
2014-12-01,-0.0302304159768583,0.0452282079319413,-0.0527679687897483,0.0479784439749857,0.00721903402895618
2015-01-01,0.0500905823481093,0.0011838725517732101,0.00924780211634735,0.034179846341275,0.006582149862180749
2015-02-01,0.00528843520680633,-0.0030545523292731004,0.0010452787815964399,0.010098724982154701,0.00634514653479989
2015-03-01,-0.0243456831981725,0.0025167894696203103,-0.0595124749742787,0.086207776626037,0.006786247074050959
2015-04-01,-0.0363237753953096,0.0173748203822308,0.0299401707076243,-0.0553097527076259,0.00630125775960888
2015-05-01,0.0309475088563422,0.005911409258527071,-0.0425014333680421,0.0347854876714513,0.00608455168151911
2015-06-01,-0.0166130271838498,-0.017695825031308402,-0.009020277035978191,0.0369131450224749,0.00652923719756848
2015-07-01,0.02614757625399,0.0922144937078266,0.055451362062060895,0.0900202300249127,0.006177051203655189
2015-08-01,-0.0611929138039957,0.00477286940351118,-0.0330521940198555,0.0543463957359376,0.00608100914310428
2015-09-01,-0.0100404572479259,0.00422657745495769,0.0202045277896852,0.0215135777693907,0.00590696130603896
2015-10-01,0.0177194839080677,0.00532464410555189,0.0773678315229533,-0.0656417649842659,0.00562841237962419
2015-11-01,-0.015103353956855099,0.07787386405841,0.0038595151408755703,0.0121317121383275,0.0058600825562886705
2015-12-01,0.0116251587899876,-0.0131870687070598,0.062621972239101,-0.0034447223187085204,0.0059134778212905905
2016-01-01,-0.0603252816798749,-0.0155672432828425,-0.055723890232945494,0.0109587423879645,0.00557507080711539
2016-02-01,-0.0876052310532713,-0.0882970124489638,-0.0450198346188337,-0.0368509639102613,0.00603407458869909
2016-03-01,0.0995294950961758,-0.018791222631666202,0.0577191132882551,-0.0272454698392776,0.00597428661958976
2016-04-01,0.0183239905255417,0.029541878220903598,0.0551587824517874,-0.0177392133413408,0.005322990177414329
2016-05-01,0.006717670877034901,0.014691416060613501,-0.0385021094940659,-0.0022105672019187,0.00581925195381872
2016-06-01,0.0318681918261332,0.054214356240381595,0.0155164513787223,-0.0272075626867851,0.00541893242656943
2016-07-01,0.041802392908288,-0.0196893104902497,0.0329560025509814,0.014329144245959699,0.00509321374460026
2016-08-01,0.00610664287783758,-0.00917677798393535,-0.0167784804387721,0.024634385096452802,0.005760009610485059
2016-09-01,-0.009668664017385859,0.0116030754974139,0.00081150982517042,0.0163805197337925,0.00521785211829973
2016-10-01,0.025374076237463,0.0506487242574865,0.0813881758021175,0.0314108498948951,0.00510330253002067
2016-11-01,-0.056563973209786705,-0.08405439079820891,0.0354902143772478,0.00738919649438241,0.00507887774575266
2016-12-01,-0.0134668810983173,-0.00306712038621715,-0.017844973266055598,-0.00842975276074265,0.00486757860908438
2017-01-01,0.0488674103008508,0.000900710737447019,0.08718544108934291,0.0431469259019246,0.00532465810580263
2017-02-01,0.0377661856022944,0.0008593999898334199,0.00592667785968914,-0.0200756798347071,0.00459501847228849
2017-03-01,0.026944863008112597,0.0153451739089567,0.007387367089036981,0.019875251935549402,0.00491812053555662
2017-04-01,0.0191165114104264,0.06596844842532561,0.00824057967911762,0.0360135557455508,0.0044545828475592904
2017-05-01,-0.00297119220262088,-0.0257387321479092,-0.0514386266393008,0.0223629361180364,0.00549429181171224
2017-06-01,-0.005396078291031389,0.019318237503831902,0.016488447569507302,-0.010068251851910199,0.00501761021221703
2017-07-01,0.0402137088656136,-0.00520290109361365,0.0679825374491194,0.00246799918104146,0.00513148970541022
2017-08-01,-0.00199895549990259,-0.0426785651689168,0.0359533103563809,0.0736133619326429,0.00506935984021029
2017-09-01,-0.014642591034185599,0.006968072589670579,0.0109801117121811,-0.0275048005886894,0.00471094592243504
2017-10-01,0.0813763548707576,0.0135922649397782,0.069135264749121,0.0396680696464005,0.00519389754389121
2017-11-01,0.000626848083084441,0.0570697730382115,-0.0358479766163762,-0.000452088604405931,0.0048826166615541
2017-12-01,0.044401741312634496,0.00642204547885861,0.0518796713982508,-0.0186884202604073,0.00475919181131923
2018-01-01,-0.00525193594229811,-0.033195187577200996,-0.0093857783052248,0.00445090330101539,0.005546804608878911
2018-02-01,-0.0349289486179131,-0.0129058798223775,-0.025762219034347802,0.0173490518276291,0.00475029462895105
2018-03-01,-0.052425286213617896,-0.027013497989664802,-0.0680025662219659,0.0463663671448993,0.00466678025039213
2018-04-01,0.0649878479340389,0.00778918917548888,-0.005755412054461731,0.038239926433671696,0.00538172898716427
2018-05-01,-0.04099969094473779,-0.0422423129530578,-0.0205293786543315,0.0241989550894526,0.00519898909884819
2018-06-01,-0.0288928227907465,-0.0646783408582498,-0.050040321842946295,0.0069374097724788095,0.0050022328326155795
2018-07-01,0.0468581359915665,-0.00169721037338832,-0.020060236864408297,0.026947091619351903,0.00556886081413865
2018-08-01,0.0432468126276948,-0.0140488288416805,-0.00180298516139232,0.0471565910425393,0.00556079477964877
2018-09-01,-0.0801635104498148,-0.10626478115914101,-0.027723207370176903,0.0519163924429993,0.00515982381575641
2018-10-01,-0.059040983494124,0.0486626277983531,0.020234297180366602,-0.007867049140173549,0.0061472147542698296
2018-11-01,0.0228025187089547,-0.00161148234964692,-0.0363748007521436,-0.011043403076873,0.00548521460924967
2018-12-01,-0.0039749751202206,0.0123786803470212,0.0148471502509875,-0.0334137319488105,0.00550730891907758
2019-01-01,-0.024376208971982602,-0.0405265884180474,-0.048821270628379,0.0566858092898981,0.00546663548496928
2019-02-01,-0.00682246299884015,-0.049338478269102495,-0.00441716243291557,-0.0235029291082621,0.004820935076853551
2019-03-01,0.055363974271269004,0.0184639361118071,0.00925489372710531,-0.0264270849161021,0.00491018916783958
2019-04-01,0.00410995101468714,-0.0284830401951672,-0.016729900139757902,0.0270463218952752,0.00536967183429615
2019-05-01,-0.00971915036178284,0.0209010920639527,-0.00932268364079747,0.0288743641707796,0.00528146362335002
2019-06-01,-0.0236568313787237,-0.058395324961834,-0.0354413050128086,0.0724199854639656,0.004501771383227379
2019-07-01,-0.0674730079208464,-0.051485978851754995,-0.0664022713943662,0.11488703179441799,0.0051574711354101
2019-08-01,0.000689338919821481,0.0015230570783924,-0.09675318475880591,0.0696872126733588,0.00440827654066234
2019-09-01,0.0422990547679283,-0.0031701016635602404,0.0185959578733299,-0.0254611540424731,0.0044337848584377094
2019-10-01,0.0403185775318018,-0.0328587185432717,-0.0235974795940321,0.0547190414230301,0.00430362896325076
2019-11-01,-0.0186269888033406,-0.032600404090437,0.050560957113033905,-0.08890504848309741,0.0039055338625040297
2019-12-01,-0.00282375697027726,-0.011386790450480199,-0.0006943146506884771,0.0194771358212862,0.0042672589180961
2020-01-01,0.00904718677899252,0.08895496514149491,-0.0302577881995206,0.007885345822916669,0.00420190847495094
2020-02-01,-0.0631810090719943,-0.00805575422415594,-0.09367888029440319,0.10858992928962101,0.00381842573283531
2020-03-01,-0.188097797156518,-0.140883548740201,-0.0829357488253588,0.137662365228124,0.0042506441592598
2020-04-01,0.138849910810587,0.0196977675612022,0.0712000545267197,-0.13484765144501298,0.00332539715273517
2020-05-01,0.00488710491405198,-0.0484601036605321,0.0102427436565951,0.00959530691780608,0.00270374647670235
2020-06-01,0.0772021315126976,0.08876979509726061,0.136140916740744,-0.0582711843423324,0.00284541423862539
2020-07-01,0.0710654745602546,-0.029890769587299002,-0.0427763465700179,0.0434147820422441,0.00268000428309079
2020-08-01,0.031318189166445104,0.0720686720883759,0.0495276675777023,-0.0838123573361783,0.00271338538653088
2020-09-01,0.0223664316875429,0.0267919073079308,-0.0840301767257329,0.09100823515012291,0.00264839472629919
2020-10-01,0.004185892583212111,0.00325181163983945,-0.0145070902395213,-0.00164346456077269,0.0026405836827296802
2020-11-01,0.0701898230144773,-0.0343681147939905,0.100669733339524,-0.081988202489499,0.0023462807507796902
2020-12-01,0.0805285101747355,0.0183052873077389,0.10279458465920399,-0.0375097319313352,0.0028213202118609897
2021-01-01,-0.00784311756791412,0.00592195130521467,-0.025540175890501803,-0.0177552143238209,0.0025002724438381004
2021-02-01,0.062097396862584,-0.0373315479969225,0.113499060444245,0.027685560440565,0.0024891893255252202
2021-03-01,0.029889286315414498,-0.026946604635753803,-0.0192742143816457,0.0349484287439559,0.00289799185060424
2021-04-01,0.014509421829481901,0.00686453876954984,0.105584423335864,0.0579659503446612,0.0027000609337965997
2021-05-01,0.07427552600883609,0.051217180892495696,0.023088182636932002,0.0021200916469419403,0.00280830449972647
2021-06-01,0.030546572057172303,0.0781335894215192,0.043821413231884196,-0.016724746812787503,0.00277839301541638
2021-07-01,0.0173693227098162,0.052968552158752596,0.07129044910586589,0.0391496614373297,0.00277557691069497
2021-08-01,0.0567978581644548,-0.0810474814072583,-0.0713791515012412,0.028823317916023102,0.00289814221326035
2021-09-01,0.0418716891893041,-0.0161460679442051,0.103893828076939,-0.0247616341803063,0.00267834763953978
2021-10-01,-0.0113381680988276,0.0168542766834356,0.006466844229498389,0.0674808749774052,0.0026969634872962
2021-11-01,-0.00954435086200589,0.0209534840109209,-0.013514898054434099,0.0469104887382534,0.00307267265065669
2021-12-01,0.0383015924577335,0.0604073434370296,0.011310284123183401,0.0349241309218464,0.0029796727850839298
2022-01-01,-0.0156586328892653,-0.0068802951702300295,0.108500673784868,-0.00483290666511615,0.00303033332553015
2022-02-01,-0.0432615880109897,-0.06819038997893301,-0.0230613330393582,-0.0162792236710648,0.0028536075972196403
2022-03-01,0.0470065498905774,0.0205045471146241,0.007551602870055521,0.0721749328500296,0.0031509481784786097
2022-04-01,0.0139746340239912,0.0218108872434635,0.0431109375749414,-0.028991902373232698,0.00305981454611137
2022-05-01,-0.0656128173770034,-0.034991566105526804,-0.023027347452362998,-0.060504282273733494,0.00392848378580157
2022-06-01,-0.0493477786695851,0.00232589112917436,-0.0296358106696676,0.0163984333494589,0.00403442073588001
2022-07-01,0.08274763090715259,0.0231348847014727,-0.0325854644247889,-0.0296200209602154,0.00408119742217083
2022-08-01,0.0490438648797444,0.0103199094786879,0.023336199661367,0.0617863439830715,0.00477232754043033
2022-09-01,-0.0356084968934937,0.0345046862121441,-0.0228068765111193,0.0169657370644813,0.00474875807345376
2022-10-01,0.0191502970056279,-0.025152667912202598,0.0319763502460866,-0.0035715442917606498,0.00516731519691294
2022-11-01,0.023382955405838502,-0.004213106057844199,0.0553020411423633,-0.0166563733409163,0.00515030792619919
2022-12-01,-0.0397596017347137,0.0174187829261485,0.0283714637930006,-0.000348718092593514,0.00511031036295329
2023-01-01,-0.045392000383526296,0.00367739658229627,0.0381325062939559,-0.0318932358711987,0.00544402293470747
2023-02-01,-0.0546795831643798,-0.0228149109333722,0.00314294070903953,-0.0187699806297896,0.00497016148175633
2023-03-01,0.0030646540929111198,-0.0241009707399392,0.008304726189056531,0.0192172537336646,0.0056537009991704
2023-04-01,0.0406999756464523,0.0618926446653663,0.028852192126583,-0.0388820156244076,0.005053605080161731
2023-05-01,0.0380172796571554,0.0210295528333977,-0.0173077098162034,0.022226993613245802,0.00601017749377708
2023-06-01,0.0426254151424357,0.034175983069924,0.013883067372937801,0.022651177347637698,0.00539075527750743
2023-07-01,0.044328041856056995,0.0207595734696617,0.0681640370903309,0.0630060022630832,0.00554291057091461
2023-08-01,0.00310165853167654,0.0874934064807278,0.0207539819262634,0.00748398436200448,0.0055927989420927506
2023-09-01,0.0172671780789142,-0.0142363233622935,0.0497716842033151,0.0106550725062859,0.0052620683590394205
2023-10-01,-0.028678947552645,0.0338461684896998,-0.00100627609842929,0.0361625162168093,0.0058532030880820195
2023-11-01,0.07315287536960251,-0.0123731643050579,0.0517852750222725,0.0498258147170509,0.005522990803225491
2023-12-01,0.0797608009689394,-0.0474708092205176,0.040299415680658,-0.015099529632685,0.00535446497656955
2024-01-01,0.0401903780251853,0.0169577468431072,0.0982189811687879,0.0582075424380977,0.0060874375830268805
2024-02-01,0.0163696829258744,-0.0486215147174759,0.00513592812937391,0.0338364891529297,0.00540848509287972
2024-03-01,-0.00786555797758859,-0.0774368066267407,0.00534885326202295,0.0249484974664242,0.00513209311421869
2024-04-01,0.0383105393658087,0.0701935876862445,0.0465533122551494,0.0115478873404766,0.00605273728798461
2024-05-01,0.012395062006167901,-0.0330593977438133,-0.0277033977697744,0.0291360993609704,0.00572150445643449
2024-06-01,0.0660790518995047,0.047416838867903495,-0.014626469152849599,0.00540841795925329,0.0050828849935376
2024-07-01,0.051079086333559294,0.00824047311608478,0.0416798922477708,-0.0218115287751919,0.00592484931245996
2024-08-01,0.00039294529750844,0.0193274220478661,-0.00925087793497459,-0.0062881123637694705,0.00529503508519258
2024-09-01,0.0101898055034308,-0.00833264258495914,-0.0074185337057879296,-0.0167507058632216,0.00547179741626302
2024-10-01,-0.0772502160687359,0.06982163651498259,-0.045582426252707704,0.0229634780995589,0.005341655328178651
2024-11-01,-0.0073345809739036,0.021906384073078402,-0.00981845584680774,0.0226737100411236,0.004984815516682509
2024-12-01,-0.0195625679164756,0.0207493730284602,-0.00952613704818306,0.027445533849484602,0.00550992827081798
2025-01-01,-0.0497734661550759,-0.0645867634518084,0.0139722981684094,-0.0633672425398665,0.005436491992101719
2025-02-01,-0.11256306510943499,-0.0694531445978869,0.00010552958809562101,0.010300151858819299,0.00481878146887582
2025-03-01,0.0702163198128911,-0.0315698323374355,0.0210000064930727,0.00134177727423812,0.00483096316151199
2025-04-01,0.017007498805272202,-0.00146924590778619,0.0139286454832135,-0.029274507568486298,0.00538395844594564
2025-05-01,0.0407235657768279,0.0771264642079361,-0.00513337846785267,-0.0610477218195105,0.00465666730698833
2025-06-01,0.0296777191011748,0.0030188152520975696,0.0195071933068929,0.0137563365088749,0.00452299595338079
2025-07-01,-0.031317698425836295,0.018029726248794998,0.0192982507347168,0.0192585855825569,0.00446119222232699
2025-08-01,-0.0179999260437936,-0.0159215664561475,-0.023819264034451,0.00540867100270792,0.0042318630840703095
2025-09-01,0.00530589210446997,-0.0282500890026285,0.0347366487294467,-0.0275055458847744,0.00470120642392202
2025-10-01,0.0288805719210534,-0.0214724270593627,0.0153480392665641,0.0184859984524464,0.004515565551955761
2025-11-01,-0.0100322054924935,-0.0367420153575377,-0.0176672068518769,0.049391156459548204,0.00405713135757479
2025-12-01,-0.00720720181562362,-0.0362188737451088,0.018529428610435602,0.0130139183269857,0.0046772133559092
