Date,AXISBANK,BAJAJHLDNG,BALKRISIND,BHARTIARTL,CDSL,CIEINDIA,CIPLA,CMSINFO,COALINDIA,DRREDDY,EIDPARRY,GESHIP,HCLTECH,HDFCBANK,ICICIBANK,ICRA,IEX,IGL,INDUSTOWER,INFY,ITC,KOTAKBANK,M&M,MAHSCOOTER,MARUTI,MGL,NESCO,NH,POWERGRID,SWARAJENG,TCS,ZDUSWEL,ZYDUSLIFE
2020-06-01,0.056370880378856514,0.27111836177577553,0.16887555695100365,0.013119628186691434,0.0955080843762901,0.2532052564349856,-0.012188596660603568,,-0.05980180662098045,-0.03102236974389805,0.41379313451905864,0.07987765574007222,0.011994584183411927,0.12000212618933714,0.058743723875820164,-0.01878859405084876,0.09737458134897814,-0.06312214482214451,-0.012724320024694591,0.079548329312491,-0.013681386828997666,0.11147863773903977,0.17039074659109166,0.3605031364725899,0.04054668251375815,0.08173957221371397,-0.010677758431864026,-0.01759511021462934,0.10980644686531904,0.3000314463894669,0.05566954547891756,,0.024666149287894124
2020-07-01,0.061477953533237484,0.04447525275801678,0.048331148034109095,-0.008930783151684718,0.28961917718235086,-0.07502131796872802,0.12479502810025189,,-0.027098239868974416,0.14603492736026902,0.049683809026747294,0.07885565399157901,0.2664092149390922,-0.03100803782443018,-0.0132308533469917,0.009554106139664231,-0.0030595865382320175,-0.08727122665266651,-0.13273136308159017,0.3125893646794984,-0.002568482828700369,0.0038957051621668626,0.18748767030082458,0.19953682757529645,0.07270103506689729,-0.07380471800941757,0.02651338233688061,0.08190300023667896,0.019731058907671795,-0.0677305072938773,0.0989148249340559,,0.09997159353121088
2020-08-01,0.15081671966918586,0.008546382121435991,-0.00011392292126266579,-0.07524558668938264,0.16485265719547604,0.20368665090204496,-0.009164669185746654,,0.03945839430736697,-0.05062423431965524,-0.013253059663662192,0.12370219164418761,-0.012276401858066222,0.0804125525228927,0.13783151476508548,0.11976011240165163,0.07617173873995031,-0.02291292012162538,0.033576222849149184,-0.03871648113001824,0.03695465353717253,0.02606632013742094,0.0050352312561727786,0.013979995141268242,0.09216396882390665,-0.02303856279688432,0.2663999748450898,0.11570966459436227,0.0036456395051844837,0.20780766007334806,-0.008365998854154344,,-0.04415539937251611
2020-09-01,-0.1451434815262006,-0.09886900993767145,0.11979333035123552,-0.17664865030335886,0.1866469196888203,0.032159205886183706,0.0856981840273372,,-0.13658354071562273,0.21645141169165294,-0.01290781777932859,-0.07646945640322478,0.16877883579563369,-0.033382843382121496,-0.1009883352594787,0.00475065132761654,0.07778052361612642,-0.01939409502030842,-0.10635748808000844,0.08577433723318917,-0.1015174820000202,-0.09501558058182447,0.001647688034358774,-0.062338041938651445,-0.00523999437259548,-0.12809886826208206,-0.027795385564421626,0.10664601619653813,-0.09220453554295682,-0.07969204691734211,0.10413119908886093,,0.06410773468372999
2020-10-01,0.15977870361069058,-0.044429077422761476,-0.08764384237446265,0.030407432236004173,0.011029698407690525,0.020771515808559293,-0.02607465587749236,,-0.015517356178491148,-0.05766419706561665,-0.025622676336604755,-0.04342260028672129,0.0402782940417068,0.09730216621408139,0.10669498882907003,0.004702885511860266,-0.07962450761021467,0.04703830440759904,0.05847117388504408,0.05192158886274223,-0.0375656749048483,0.22015473080626236,-0.022865609958860778,-0.023840967612982267,0.03287614851169707,0.009226914497872718,-0.06182121893656456,-0.04483240178996073,0.07674488807014668,-0.030818440946733694,0.06923325400038638,,0.057334569461102936
2020-11-01,0.22152278336000752,0.3281960273002382,0.23141985265326626,0.06801163360268014,0.013556943236413987,0.163880803980319,-0.011795938626718683,,0.09938704247186192,-0.012212103338870794,0.2578889037260852,0.12372063544357048,-0.019071651491017305,0.21739676784694595,0.20568000485429283,-0.07049039570789051,0.13800313187319313,0.2340584341927774,0.17811911869709318,0.04829052267297529,0.1718607407434154,0.23245446437421435,0.21548808602139413,0.37522841432755993,0.010143394172876796,0.30555905271933925,0.07569008786835041,0.13013595088593388,0.12514627710490211,-0.008382706668114026,0.00984078019059309,,0.07756748321725682
2020-12-01,0.03133319002448132,0.004177877402472108,-0.005266070073340123,0.10026986772361424,0.08862555151690388,0.07399306601691591,0.09971845153785064,,0.14586257501655342,0.0778948417354044,-0.009083060741333138,0.04237602107430938,0.15089397654297465,-0.0031578898408524125,0.13034739592373912,0.12179710739154315,0.04685348607885986,0.011986211799748236,0.05169250744169385,0.14163657776613836,0.07926693811401098,0.04640548323551896,-0.0019390232912301908,-0.010509662942782216,0.08723962528908391,-0.002537857136095001,0.010025634637544467,0.1596583919457626,-0.013253655643448714,0.02004632618634239,0.0683299611589896,,0.05920914208072481
2021-01-01,0.06841809173693858,0.055272898995962105,-0.03520024327605775,0.08612884979731183,-0.09454123857336039,-0.05755810387722349,0.007256593110757548,,-0.07050567368734661,-0.11573259646419953,-0.00902092701650381,-0.009688507403000424,-0.0339796079728808,-0.03188728848667821,0.0036445806721285834,-0.0374201157664269,0.08051762017132091,0.026774155333509242,0.006959616001816826,-0.013338215381122676,-0.027512127571479583,-0.14163671032621894,0.040244137069270325,-0.050075766964800095,-0.05790499658680337,-0.02459484130812739,0.05491325214282594,-0.005690090906310008,-0.003036691952307491,-0.08871551389744858,0.08683991422507975,,-0.052962760046020185
2021-02-01,0.09337742564253726,0.1181543848126374,-0.019107821803160285,0.004877456785705281,0.2929354256873189,0.11474390381047717,-0.047039650429095525,,0.20889590962653837,-0.038271023446157404,-0.06680365760339246,0.2052558034178973,-0.0009792270191861796,0.10348766370103157,0.11312862997982132,-0.04433722940356355,0.2036551012652228,-0.04623876581533026,0.11360692330087319,0.011500625481645432,0.0029519397552610904,0.039347421534330795,0.07577392416718443,0.018519681819506584,-0.0472481144922815,0.11911888220008215,0.022617371258617514,-0.03197927301092407,0.16183237098957481,-0.005257113156520665,-0.06799073383713605,,-0.03610189161611521
2021-03-01,-0.03773436684115883,-0.0928735785019783,0.08704518405003592,-0.07010617227869209,0.051193701437258765,-0.10763692494047084,0.035639271384271254,,-0.14356088860724237,0.020207602452345208,0.0017306113255846078,-0.004615461526202735,0.0804883629081865,-0.026557617405683853,-0.02618170439413836,0.21367331686759106,0.13448095227685042,0.041467467149351345,0.022038648917232395,0.0915582592170765,0.0982750558097727,-0.015362126005666554,-0.013826991826572876,-0.0281802390139011,-0.0010121365868714927,0.01706110865096022,-0.11159882759974515,-0.05911676796492171,0.006299598338577406,0.012266923524779427,0.09796859435726302,,0.013097445916616213
2021-04-01,0.025019622992487944,0.038915157972901904,0.048237839398247884,0.03759897197118578,0.22978441802054017,0.058604686003161044,0.11685691698473955,,0.055789531153153105,0.14329048204284822,0.08858175170341975,0.007035463688636723,-0.08517781143745606,-0.05446381253849353,0.031609716583213876,0.024908236350741353,0.11283049481181617,-0.006635964264925187,0.030612292624518922,-0.010014081970182498,-0.07276901548784986,-0.0023959271598285037,-0.05369372648276771,0.007918642812159815,-0.058833364070099425,-0.0372983767554943,-0.05435204965073659,0.0027103537608654804,0.03927794687577024,0.12057485786976274,-0.04474728081308921,,0.29541857790099746
2021-05-01,0.05007690613490712,0.037779210213065406,0.2434815982301426,-0.0034466434045696825,0.22663606168655348,0.17896895309932703,0.042840711532443176,,0.1101087851679785,0.028287323510343798,0.20631948673591838,0.3053351304769083,0.06998073370067592,0.07332005463932845,0.10366367888733663,-0.05934748336464002,-0.03483189918544538,0.03909998331195186,-0.040396024010163734,0.0290911957702511,0.0691017808945209,0.033680228267941814,0.07361631629961107,0.03861442688909156,0.09768965713987643,0.058470764617691184,0.09586021785337273,0.07728227444628688,0.025448829014628416,0.03982314496575601,0.04068308908780893,,0.08255260731981884
2021-06-01,-0.0031970080485277386,0.01796952092681714,0.017401760752520534,-0.01729299761547265,-0.011216051468294519,0.18062112324519175,0.02375303285664221,,-0.007109127180779828,0.021453598762894766,0.020093301258676366,-0.05400794723844449,0.040520262925771044,-0.011841561356103147,-0.04805725504041913,0.033575949455854515,0.0495175212020047,0.05464700783782939,-0.015064021692532292,0.1464456185285974,-0.06417366957321569,-0.056342298533055946,-0.037440355082944965,-0.0001471902081495724,0.060623988106021987,-0.04588006215839702,0.1112230416381561,0.12283298155190603,0.029913519949203105,0.27698187722433265,0.06424716408085418,,0.04350649157912945
2021-07-01,-0.05265264163351335,0.11310776795593247,0.062439011546125744,0.0684867590974716,0.36063556278851094,0.13320697120824088,-0.05334904807867091,,-0.02284330420577474,-0.13126386800763512,0.024739185592772328,-0.1256268719884167,0.042145579293309865,-0.043578548997517674,0.0817878878659104,0.15197649907364896,0.14887374166123335,0.0,-0.06934839258213465,0.018787929279385995,0.04033457220591963,-0.02992639505726602,-0.04449026302209069,0.13052664902990663,-0.0716081739801081,0.027144774597234633,0.005776081596391647,-0.0048756095920095,-0.018072450178930444,-0.07596367950609884,-0.053291396995977736,,-0.0915996894317338
2021-08-01,0.10946537551602398,0.09451205684082398,-0.0332584857791427,0.18231994319886113,-0.10762691063861929,-0.10529242849821085,0.030161374137229746,,0.017794956596102196,0.0030695238461293517,-0.07608698364231636,0.08390623195658042,0.16048028878313314,0.10862637742741321,0.05663794990166138,-0.05299096595059771,0.17134585979549022,-0.021335808802430245,-0.030391725340918163,0.05957783005106232,0.03098323965267058,0.059765389643621436,0.07957072585106917,0.10929673483824831,-0.018860150823673205,-0.01773247150472701,-0.06046438424839495,0.10350104628521262,0.024540023075359185,-0.03884138141219673,0.1980339111713163,,-0.048953425860912336
2021-09-01,-0.025365565820862024,0.10371251186270558,0.10596703237568472,0.055978958968282866,0.08572141022042801,-0.01971764577322299,0.043443969024065776,,0.26911215216307216,0.03755277509272181,0.04198141562048652,0.024593617645758403,0.08225502719846833,0.008568353172630827,-0.02531117761218815,0.006488065544570931,0.28422705179331165,-0.023358124809742753,0.433480462525375,-0.018312880999153958,0.1176053542664266,0.1441502452724419,0.012290469823706962,0.006814632783411545,0.07869237223337411,-0.05581476642682659,0.0651455721163261,-0.07076126174645048,0.08297677595372077,-0.027771065985849552,-0.0028786368873228163,,-0.004150558592368125
2021-10-01,-0.03202663418548468,0.022824403877379718,-0.029028861410458573,-0.004285963661807446,0.05614667705186349,0.12724965707557945,-0.07981294146193652,,-0.08946091897620556,-0.04538277884425668,0.08616598687453747,-0.12679710777574515,-0.10613111222742422,-0.007586491099425774,0.1443960565855147,-0.02737553737159215,0.09652438372449135,-0.10554982834300797,-0.12050535536020679,-0.0044473070236282775,-0.05483814248931507,0.012789703602082092,0.10111448860395544,-0.051612210234006084,0.01967148674396535,-0.06225630999211862,0.001153209381606013,0.03792548578342414,-0.008343397546083153,0.05826649342123824,-0.1000649188820747,,-0.08888279096311724
2021-11-01,-0.11637459887882251,0.04308746033629518,-0.11599124707743724,0.06259589798327103,0.07234963790490934,-0.1010518767007994,0.07320036389095952,,-0.07570699635096667,0.0035734121877906144,0.020790047636870312,-0.08790185583175869,0.0036819134370966733,-0.056417220596122974,-0.10934484051708582,0.04270377279504611,0.05110839020012059,0.021840068015399172,0.047697963860754644,0.036023483941592715,-0.009184684698010037,-0.034093903682301696,-0.055131419282459904,-0.06515993873408732,-0.055410103095266505,-0.08558051179767423,-0.02723827755055186,0.14376154678767517,0.11726554895868069,-0.034458850555638465,0.04066561425864079,,-0.07468183199107503
2021-12-01,0.03492711944767679,0.07825823909448038,0.07016951243785718,-0.06103683783796532,0.03359638217927974,-0.02131219589179656,-0.02800364478455053,,-0.03914471640522754,0.049434980144725804,-0.021449740602847545,0.029036945486258015,0.15847693466906043,-0.00947400735269166,0.03611690668060952,-0.05812225661916559,0.01867023298418302,-0.028601004103256278,-0.12708738715725887,0.10223927471232863,-0.014017509688625585,-0.08450993823365827,0.0019748467524978164,-0.08031699681634752,0.05074440086012455,-0.059250024293749703,-0.013873635249463057,0.07244680492725641,-0.011366377306503472,-0.026119353042641458,0.05927769864722232,,0.03847401806035888
2022-01-01,0.1392676289707191,-0.05001777505293381,0.005875062976237411,0.06653988731962679,0.003633724818918882,-0.090734376346981,0.0009532680386001857,,0.15946798401427476,-0.1231302910152201,0.07433245488696993,0.0531518662360384,-0.16655304584413744,0.004258489764922269,0.0657297673555437,0.08407612269622278,-0.06863131850555715,-0.16496588503380616,0.01711640673694581,-0.08028071840538509,0.009860238096082607,0.034046026307982924,0.05811375732230717,-0.03574660239512639,0.15765932187861953,-0.05052439499880568,-0.00531858420176512,0.00922586691875571,0.09077334411822413,-0.12541702247419695,-0.0005616973641748846,,-0.1586463867087996
2022-02-01,-0.039648178528355005,0.008148718303645941,-0.2201492242774865,-0.05868640259859137,-0.10088018162843415,-0.08687489879281718,-0.021111106443005734,-0.07988277827688572,0.06101379964661402,-0.055638136607200295,-0.14631873532925732,0.036140934043963346,0.0336791343694709,-0.04001492507663351,-0.05844320147029736,0.013374534925376436,-0.12571669420177356,-0.1169806154664017,-0.14828743403388311,-0.011865108346827302,-0.019754785900292116,-0.007807419031248708,-0.10719127922378313,-0.03888952144653035,-0.032934630295848866,-0.11191776496746586,-0.03863745257716711,0.06197707854283507,-0.029015659633432223,-0.04638770041111662,-0.047053730038370656,,-0.1134071603989033
2022-03-01,0.02525595426894256,-0.03678118333282976,0.1816595831297383,0.09970865011159868,0.09380073727108051,-0.11622518542605464,0.10053513882053644,0.1248142607049747,0.11288257132363211,0.05710732532416318,0.09300631683261451,0.06130915990532659,0.0326544966169553,0.03092038683728271,-0.016695864018227646,0.13582894235329368,0.09614354537236336,0.07582518199901789,0.03231049820321741,0.11147715643864387,0.18911404525816078,-0.04824301505255735,0.019852101611004258,0.046007866060056024,-0.0905505355511399,0.08356286479218267,-0.008701758934888781,0.08746714312155568,0.0653779445207554,-0.03130554382912587,0.0522620708858923,,-0.0330187892883661
2022-04-01,-0.04276433792590273,0.031610064578739605,0.0037450590589571675,-0.02112711474223561,-0.06812578412863413,0.2871690395593802,-0.03619668868400128,-0.005095308664508025,-0.0010926237290292962,-0.03806344888506541,0.189531370354302,0.12205000726739179,-0.07261008184002138,-0.058319493184363025,0.01780095672161952,-0.03526054705287296,-0.04517129119225283,-0.05560768601991295,-0.05877054224766898,-0.1779374235986544,0.03550771165713984,0.02103939819222944,0.14326457463966147,0.05466748061636251,0.020697473989487625,-0.01264366128454153,0.04099540768348686,-0.0606426124090621,0.05050710880914555,0.1586799226709008,-0.051671730066485955,,0.010329806992861013
2022-05-01,-0.05956612801114691,-0.010803827797943422,0.09080312337577467,-0.05250330519184476,-0.0884740704953646,-0.10792445001064377,0.011975167572768841,-0.11399849551655084,0.05496309858254311,0.05752725534675185,0.04652026047669211,0.024903243183431067,-0.019565033748137894,0.003141713144231284,0.012848005073681668,-0.03965812084686493,-0.09275241909255072,0.07321230568915182,-0.03444979764053868,-0.040796261411138235,0.04276627698670876,0.03132764101646157,0.12173300614995441,-0.012720115907944418,0.032204871325735906,-0.016640488814960275,-0.05833282164000886,-0.06491465034135202,0.02261265842135951,0.048554168319134394,-0.05141398291576915,,0.07455275520838223
2022-06-01,-0.07063653844278872,-0.10333223108577971,-0.08112774714748927,-0.021779646709177536,-0.1137619474539957,0.19630489930682238,-0.07628786639260832,-0.015842358554409408,-0.03784338213073246,0.0055267314869238415,-0.045082341018495065,0.009951374200758423,-0.0648572547500571,-0.018198478326425183,-0.06063614609842316,-0.057623275714007494,-0.1844336147697606,-0.05896356698365346,0.09599041026846034,-0.017436609890027377,0.03516899566980758,-0.10057660799529256,0.05684735208284808,-0.035153417725922065,0.06331629290323537,0.005552392268120876,0.017079130133009324,-0.033832333892365285,-0.09016762076725304,-0.036799210760680934,-0.022364736221472725,,-0.056429290183536485
2022-07-01,0.1381126257802252,0.1414467757379474,0.07744592933820571,-0.010219683395957135,0.011261645889072414,0.15508347859415839,0.0656345369525575,0.19251673097058974,0.13820043937003001,-0.06906323176490292,0.05512627080020538,0.19868558039804562,-0.0255330031997264,0.06394653037849074,0.15752263379465137,0.05437068331336281,0.0053544336897517475,-0.026833207024990036,0.06432327381943614,0.0600587573841358,0.10804375161634305,0.08985008497845981,0.06522419289850467,0.08128738952586678,0.03574649522105333,-0.009071640375646672,0.07797042749491556,0.041735916297906295,0.009674493831988151,0.09617600564582185,0.01065160410606647,,-0.028571350528230344
2022-08-01,0.03848758187257073,0.050029605210359485,-0.11474301067295534,0.07176049278296892,0.10821241415200622,0.023212690721632567,0.06246163642628422,-0.05107622844873716,0.11147915746048276,0.04493525732869563,-0.053585783532786646,0.2012865575110625,0.0011561924326155548,0.036187495505882517,0.08392374513887413,-0.037581983629841664,0.008771906688629594,0.21004753424630818,-0.10222421787479863,-0.03661993770011385,0.05758117113554362,0.05805503968126735,0.13537794983227336,0.06260557712041881,0.03518526959713775,0.15224887454502412,-0.028263937807820882,0.06161315003795664,0.07314783710721517,0.002257469622015229,-0.024917133547279313,,0.09835516735089866
2022-09-01,-0.024351297112616188,0.16933216159652287,-0.07766746500122645,0.10577397189691573,-0.0024021264291025357,0.0012705615246830781,0.07888354426892219,0.04382933609269801,-0.08353342607454461,0.021354255327965754,0.12814962168759658,-0.04130000508656351,-0.007029009861166724,-0.04357045679013083,-0.022683536806711202,0.06581290122010297,-0.11232196595720201,-0.053209306434152004,-0.011761792130237647,-0.053250268556344404,0.03650572728199086,-0.04967756249962518,-0.030946667507606995,0.2029000396130498,-0.021577797578445024,-0.02315897011087742,-0.011846707861837169,0.03059482325461982,-0.06670725286436618,-0.004254635967956277,-0.06433829154631399,,0.02300366864225878
2022-10-01,0.23567931549003918,0.059007901580115485,0.041992895253950335,0.040130009965192226,-0.006689515114441491,0.08881629384223633,0.04704244251753109,0.1567634438485106,0.15877521210200096,0.02260307113321769,0.03621915043721646,0.03090002183865015,0.11669428574956342,0.053013057840840094,0.05417628532692209,0.045162632122351054,-0.015135586680565916,0.09325393075778066,-0.060521636530461165,0.0878700592368944,0.0496687139148817,0.04548705955044996,0.0633969204379814,0.07243937134998824,0.07922943189965803,0.03545044142230691,0.01886465438424545,0.09931247660540343,0.07516513885029519,0.0013195757552519893,0.06277154658785244,,0.12005683717982074
2022-11-01,-0.005242867376104243,-0.05489747815869328,0.04040247373717065,0.020132211066928418,0.011809885303014855,-0.05293826797265433,-0.023770790443248258,0.059763430915303006,-0.07603187872689554,0.012055388468766859,-0.027445936439734586,0.19115155914448256,0.08727547986898676,0.07466418807298547,0.04864097014602797,0.061683677183618446,0.05682632378373631,0.03350852752859379,0.08032341723172176,0.07489847861877363,-0.024949781912081193,0.023712495378791054,-0.03188494445436141,-0.050902842717604924,-0.05808909429617537,0.04769904500800748,0.10408354236462558,-0.06159582950759113,-0.018189815590182068,-0.011326921568468373,0.06464623594692909,,-0.054113293871158596
2022-12-01,0.036060950633344024,-0.08790392796857283,0.04580214799206872,-0.050250382778505354,-0.09911142303646991,0.20970304009516316,-0.055894459827728005,-0.05744878076759441,0.05429315616286057,-0.05562543891037197,-0.04789186969298409,0.022597315665562778,-0.07271587964940629,0.012247815264485595,-0.06511713388727236,0.040984194365255355,-0.053094179130339425,-0.06473113433462607,-0.04965068488665625,-0.0775252766808957,-0.024852972648517158,-0.061528898960723666,-0.04319853919911332,-0.07680757362091528,-0.06457993213709856,-0.07144827995626235,-0.04357008219718472,0.023899324490120222,-0.023164349851893418,-0.01339252814415226,-0.03954824471255092,,0.024518148861397693
2023-01-01,-0.0665594976267746,0.02479281340226147,0.0422521919815555,-0.044411382356491336,-0.06603611020805411,0.1471954340938879,-0.053905719489981796,-0.015197695570631109,-0.0008886234008244065,0.020436310944157432,-0.04344376507539838,-0.0437472372311799,0.07976525083919705,-0.01513995270751467,-0.06617263900136083,-0.02187142413644716,-0.010000056322156281,0.02778112081477957,-0.19506429242201817,0.016940821014839624,0.06273542504574259,-0.052674783366210565,0.10370644427900721,-0.03787618718115782,0.05964545298018176,0.05451825478154859,-0.04760355035916353,-0.04477619185818138,0.013804579834826969,0.0677752535355638,0.03132020761257781,,0.02762242214178756
2023-02-01,-0.03155120103374642,0.0629169071281881,-0.09316621018982862,-0.036414392645368276,-0.050160771004405746,0.0744775159418265,-0.10958295110165894,-0.07147493406157512,-0.04202792805154287,-0.0017460390833388129,-0.0763077605231487,-0.14083080267883386,-0.03105433152250625,-0.0024320639437265257,0.027587407779265938,-0.007033583480328454,0.04292930495018488,0.031025886347805898,0.11480750485558944,-0.030122283422269636,0.0691074724859897,-0.0010110084442283007,-0.07916606066243881,0.005053460488472439,-0.03045983061639379,0.013462343413328526,-0.10736408614661996,0.031250052938053496,0.025848057298401006,-0.07745140287107122,0.008768951702864403,,0.07936501733086132
2023-03-01,0.01705957300390315,-0.05341246123275445,-0.029285225175100016,0.009094003732118994,-0.08151406123395732,-0.1729340601892364,-0.00650928384385463,-0.030965573344481245,0.01615780657511401,0.07092381253530644,-0.06698512312819893,0.1831758955892433,0.007099067781212609,0.006220276945063663,0.026203423320845465,-0.0071170271391208795,-0.11483920367363976,-0.015706540016772852,-0.16325333465713077,-0.04006585825282538,0.03473567390843346,0.0020817722254411475,-0.08735023228553362,-0.04975320437284669,-0.038518847234216946,0.11023287963101858,-0.0021201911048455147,0.03344011325318896,0.03949107070400992,0.00538791131766625,-0.0322833629821947,,0.05528123961955944
2023-04-01,0.001747228855544014,0.1567288250558907,0.06805218820157344,0.06715610692868279,0.10657484245054971,0.13683000871970985,0.008384135990358477,0.05380025005150624,0.09103674681712581,0.06643231290846985,0.07232768819125202,0.05127605955316006,-0.019488621675847195,0.048491777519580115,0.0460529955743858,0.06983848769035728,0.22352474798245736,0.18236030958055127,0.08391608391608396,-0.12269350448620076,0.10964776698735279,0.11841759626257309,0.05885909303465375,0.19347557635038037,0.03586514972019561,0.02562404629985071,0.07002121993454757,-0.015888382588355232,0.05117417387463119,0.12946184325019328,0.004164112468464598,,0.05767469634471212
2023-05-01,0.06377907197254729,0.060886673774191324,0.09094381777631333,0.06330551547740138,0.032667057414949685,0.13929306038165068,0.04955677340709519,0.11529888389740361,0.0349635200588585,-0.08698028457998175,-0.05491498998706246,0.014093918862775334,0.09451155864107075,-0.04547878949323492,0.03432685280746828,0.05314706554742954,-0.022676474917581624,-0.029678949873627958,-0.007419315461189568,0.05232497294689953,0.046880706754402146,0.03936958810120883,0.07506717602809365,0.05780431305273703,0.09059273026707149,0.04872850143238061,0.09278813391616714,0.17273740806021443,-0.014331078362690874,0.06556434873804085,0.021821812840985055,,-0.03385264446901626
2023-06-01,0.07935729962990234,-0.03583656076551056,0.0424837276939809,0.033945147748773774,0.06962305330557839,0.13458774712457533,0.06494939488049445,0.13041490710045966,-0.04248702865702125,0.14631027873749813,-0.018779824251749178,0.0950722949170768,0.03742005579092722,0.06832514125652933,-0.015329577110615,0.07204997866297447,-0.1692811335364367,-0.015085419824034108,0.06759826768864019,0.013047060284536505,0.036461586427806836,-0.08330235110121609,0.10204707005774272,0.025325281321256554,0.04497897324857769,-0.008791850686235225,0.043280763669061084,0.11170186648842773,0.09108428172168703,0.15039805988924382,0.0038762242322119,,0.16076043832450582
2023-07-01,-0.033976351101149715,0.07894965573137136,0.07254084018746854,0.01268845923224271,0.1079452183399825,-0.005572644738953025,0.15769241368759013,0.08506568296097416,-0.0075758212942406145,0.09319519128975218,0.07179934065109306,0.06383877790804693,-0.05997726157831118,-0.029505207005022016,0.06815753273622405,0.05451495980800947,-0.03501166483642293,-0.021654100865603598,0.04718417047184165,0.028769588254845768,0.031222282606154783,0.005415582282020992,0.01485950754896459,0.032854802867795074,0.003238295651173173,0.06657136199046354,0.10751335522389871,0.017367166865106975,0.04271988909083824,-0.0837242943080152,0.043802019892805744,,0.08438400239640709
2023-08-01,0.021588583859853516,-0.014025263508045116,-0.08461688297140357,-0.03764460961099014,-0.07491986748982538,0.025203493697269597,0.07897842100161712,-0.09517829815617662,0.0034897628380841095,0.0019953244450097163,-0.035815193136580104,-0.03215605427272583,0.058711610936577285,-0.04829819157577586,-0.03961733706777126,0.06345655940299966,0.03759431444961492,0.009933001492744786,0.01860463342001273,0.05882582595441255,-0.05582994813151654,-0.05267844055235282,0.07911435528981237,0.27547856139523197,0.018639164521667695,-0.08432446728300913,0.04002457842944129,0.031243884621290796,-0.08081191058701387,0.0813582821039065,-0.016344219416210892,,-0.0008930396554461817
2023-09-01,0.06492040431012103,-0.044260998844302235,0.10287145338063142,0.08670632484867191,0.2111678716323777,-0.08025641199140188,-0.05681459430746971,-0.017844512086930386,0.3056817992641796,-0.0037179451866133917,0.09228838371049153,0.12722184584836405,0.05344887717767688,-0.028731369488257497,0.001027813259606436,-0.06278150029382878,0.0475434520611413,-0.027474804547650278,0.09417808383224147,0.0,0.01068909374910465,-0.01229322160572921,-0.013425120041643646,0.06637207587927207,0.07063816481052032,0.02089127809342317,-0.04961937308105224,0.04425201778365584,0.11034618482761216,-0.017043928145643594,0.05117972910855029,,-0.01733644022509806
2023-10-01,-0.05290828910662537,-0.010711146587265574,-0.0015639001681643228,-0.012953337934433762,0.07085602843447969,-0.04284968271225309,0.0116764169440422,0.07112242162040938,0.06453253457831964,-0.039278717567753585,-0.11571994074361902,-0.06249996605881036,0.033365651089292125,-0.03262790907292967,-0.038396902065018446,-0.00454125786621995,-0.04803313834002787,-0.1593931617566463,-0.1006781604538507,-0.04671010875282611,-0.03600361683369735,0.0021316273031208866,-0.061540971834879055,0.0034891616071244247,-0.020573729024541576,0.0034505180615171938,-0.058472290213791855,-0.08245050771237006,0.012014978685271904,0.010263130898279682,-0.04530128221027563,,-0.06739828379182344
2023-11-01,0.09410809713944746,0.06203038861026,0.010418099308595163,0.10968937635541587,0.30055284140660676,0.03857434701818674,0.010250064283877647,0.07986670840313481,0.08878277852471017,0.07835977625799062,0.15935427240992772,0.10236056271919924,0.06090731990492193,0.05573995895664141,0.02141260082776042,0.00030227798672943784,0.14302727341142107,0.01765390281443313,0.06960557090973718,0.07715928463070121,0.017273599444160626,0.009227309438638365,0.12967917619577252,0.04765453863954128,0.020823143653227127,0.008669140595570779,0.26140752349480145,0.23052216705056772,0.03363831823289276,0.09309493120802226,0.037958993087236825,,0.11158562469152966
2023-12-01,0.026111201722839317,0.04329743639489947,-0.003046606275032948,0.0172464090311788,-0.036645930022959905,-0.01506589215648968,0.028045854608455434,-0.05519212227011283,0.1493354737605559,0.0016844462206919708,0.04922650988343369,0.1248304967690792,0.09336999220340103,0.09651653964246143,0.06593934053626183,0.04759246966299302,0.16788313475361716,0.08624642086354273,0.07944690694240175,0.06030301556064854,0.060348893005604864,0.08695776790498777,0.049552448762360424,-0.059550617282377316,-0.028877282912931124,0.15283030214252125,0.08240346649802377,-0.019296726950847942,0.15722661723440567,0.10107248407279545,0.08768204298542304,,0.08101326179508428
2024-01-01,-0.03134346188449444,0.09012851798444754,-0.04450002485894955,0.1341795090671407,-0.02704996366697132,0.031336309004313945,0.08400867897939124,0.006272942235015622,0.08018627654121824,0.05575295156228077,0.12183510973504674,0.014076577553582936,0.07496083156558764,-0.14433230302996058,0.031657639675495064,-0.039486022474869764,-0.12142836449159622,0.028803498863547494,0.11504643830891981,0.07647944451008493,-0.04447088701948354,-0.04342018112266821,-0.04501564021604376,0.01609319116864727,-0.011206122531686069,0.2321950300862381,-0.025943165709880867,0.0955945715804758,0.09317025997373429,-0.08353966610858365,0.0059443680293493895,,0.10388858307913207
2024-02-01,0.00688347379992682,0.09362550296697614,-0.09179980053868675,-0.040445938933551084,0.08005409265497754,-0.09177060041728236,0.09574384611729148,-0.0022078261507187946,0.07521845011221928,0.049516802275880956,0.0076030412164866945,0.015496632205575622,0.0638867533439278,-0.04044308056615198,0.023391491067573433,0.06991393844222715,-0.03692424424091523,-0.010222999162585955,0.13899529861543414,0.007826974243655194,-0.079832542394085,-0.07440071097848266,0.17005244704204192,-0.006672212174000047,0.10812401797453242,0.0034476575128878917,-0.01709703321068412,0.019060630929152778,0.09082151516556092,0.059628906645772695,0.08063000032081469,,0.2380389735293249
2024-03-01,-0.02595112972812652,-0.0958348115747577,0.041369441454581324,0.09369307546422223,-0.10703393889396329,0.04740308985982278,0.011213595464368398,0.023681080243117103,0.0054972231284879935,-0.04146010828476032,-0.13312150562822678,0.0019499589808056328,-0.0723020798805063,0.03170873116284034,0.03906108685055121,-0.07381762027882777,-0.04836695136788827,0.011267564553770981,0.15170091132030117,-0.1050540371430515,0.07035981499162114,0.05685282165371408,-0.005718380305613224,-0.04247233732881939,0.11622600950505624,-0.07351808647546454,-0.016980156713600647,-0.04333236831237042,-0.004668355242305244,-0.02962424108674644,-0.05342967504253071,,0.06948718516483576
2024-04-01,0.11335015270774562,-0.018929573405602862,0.04856825063285353,0.07626566930628398,0.23175324522217333,0.0629060433607238,-0.06476501836405057,0.06437982802120357,0.04653294338059988,0.007535142728139377,0.13340660832778095,0.08868942937143087,-0.11463848589578929,0.04986526611447317,0.05222713074945684,-0.027883419676724697,0.1633794087371272,0.08913654056635267,0.21861581738213776,-0.05173384354374433,0.017042034179093335,-0.09047876859467963,0.12230984877833362,0.08535840544552054,0.01723378338420778,0.05824570187057132,0.0437555438001469,0.002570496959558355,0.09010484935633589,0.08135859628585163,-0.014356618403837729,,-0.05340745718027562
2024-05-01,-0.003216493582586133,-0.020052685490594246,0.2552164250927733,0.038153254038073126,-0.013752501156192087,0.08515841987776485,0.03371419603002934,0.06421359903546753,0.0812239139955302,-0.06647815751256347,0.08011315730471913,-0.01169685979001256,-0.031099078249662182,0.0075325076686756365,-0.025512788641617656,0.062042947626330225,-0.020153647300727995,-0.05807757012260817,-0.01874293721894027,-0.009608991149027357,-0.02111791754801129,0.03476081393186159,0.16226503378524026,-0.004188948018754801,-0.03262731566691568,-0.10079679502546823,-0.017760257744668606,-0.0760236790359925,0.0270001148403185,-0.0008100414132886646,-0.03918184854646567,,0.048869989119002755
2024-06-01,0.08871485642935806,0.07328321549568684,0.05867114287292785,0.05193944275526574,0.14788192722502025,0.07443904933958922,0.023217319954069726,0.1238853595218945,-0.03674676872394711,0.10540681873751079,0.1432527714328602,0.14894546362161498,0.1171322617530901,0.11442189944371961,0.07006810219823101,0.03805611754812044,0.19041665670618046,0.13972172748654788,0.07798361158253209,0.13589973346957995,-0.0036345549560761192,0.07266127311897486,0.14380036161099397,0.15670733174647822,-0.029473458176499823,0.2302775913278159,0.08430195839404231,0.013033509829424084,0.06758067558269287,0.1700144214955126,0.071255621628326,,0.07378888509089165
2024-07-01,-0.07836401902534484,0.12970747707809838,0.029204107756881426,0.032893652434345055,0.04785835076922562,0.03705689983730642,0.042882271562989294,0.16634590868409127,0.10366696800287745,0.054378433954913374,0.0748281825388708,0.13277583997316134,0.1253769635964228,-0.04041455056372545,0.01275442950048511,-0.037774904930039654,0.06408565467007743,0.08794911864221433,0.15414337326178673,0.19243651158617103,0.18729233034973136,0.0029957555957564885,0.014354852741538027,0.0452000179890748,0.08990888118053286,0.17073701802318397,0.00530593414138969,0.042747474829808674,0.052122578949090226,0.12621956698759007,0.1232536048986943,,0.16132037775065733
2024-08-01,0.008624568307610714,0.045553374002707425,-0.14742854415355378,0.06536820631281004,0.1578143395524938,-0.007053060008756384,0.07161822733442724,-0.04534009381333792,0.005266193071767011,0.04777249213728685,0.010354488667565942,-0.0401399549329301,0.07554641024418474,0.013089967790980817,0.011770371996042917,0.0849653009031981,0.0599655812042168,0.008758975308347683,0.05852477539125589,0.04038539220733828,0.013222937769878929,-0.013910070598429969,-0.0281514900116705,0.04687629767531698,-0.054346657578184354,-0.041427044355840326,0.024760185262360235,0.010109301737950549,-0.031016604000049464,0.08177654457450445,0.04081234058001759,,-0.09339865282760906
2024-09-01,0.04845777196500367,0.04344935914794501,0.07942730577210533,0.08182687828063351,0.0015332383903956526,-0.04595633731034887,0.007991429736120992,0.08852702690807046,-0.018469278237742248,-0.03978620076484407,0.034181305463507394,-0.09262332883827773,0.024440339518565946,0.05812814747457162,0.0445485481589476,0.20803498837539092,0.0031920531557201315,0.010401687089483413,-0.14383863076778902,-0.03503621900587961,0.032377000444911985,0.04107706380196774,0.10319382665743215,0.2055421786032905,0.07740365797303017,0.09374624743919391,-0.006454299017791931,-0.01094798755506421,0.05448653421650618,-0.05951539571883546,-0.06264054865802038,,-0.05261983132990944
2024-10-01,-0.05895952461949816,-0.01747380070530946,-0.06973410670615776,-0.056710837657586,0.07563845791809087,-0.10871906472965842,-0.06187653215627131,-0.10213973649157237,-0.11388809828795698,-0.05637181297452798,-0.0596910664028345,0.0740526059058424,-0.016730716178421035,0.002107327860843,0.0151217086502613,-0.005630221366292543,-0.12982183301048267,-0.24054873451649617,-0.13246720574966586,-0.0630998451671424,-0.05664379137303255,-0.06626395480244607,-0.11837208592206094,-0.1205805656308051,-0.16328366204434053,-0.25706044855902954,0.05495199255714778,0.0173853604109806,-0.09083184062073135,-0.07574128853439954,-0.07029422364592597,,-0.06298265060536101
2024-11-01,-0.02005094762648485,0.021342456201081772,-0.01883172885825868,0.009022740961935671,0.060583414359346,-0.03321258180989628,-0.011503168575062728,-0.07670831646988086,-0.07886283093536772,-0.05642749040680983,0.06335631689850141,-0.14623089803291267,0.05328715373759474,0.03476985395198673,0.006074695094380189,-0.048527495913713636,-0.008832089817443545,-0.22158758011947632,0.025840606741987848,0.06928648586165242,-0.02465221487947744,0.019727278952674343,0.08706089716964827,-0.07941988856802273,-0.00020319338003094156,-0.1733143109825378,0.06617213679796552,-0.004792699753582874,0.026808025743124686,0.06137240951655021,0.07882670672638814,,-0.035255870557725055
2024-12-01,-0.06301159890291197,0.1355050115108294,0.04674196641675521,-0.02421412405970358,0.07270738181963399,-0.01988339343265144,-0.003194428715562303,-0.010989986920513117,-0.043464933811312334,0.15486979382191168,0.041975163499347934,-0.12019820383557267,0.0375260035638747,-0.012917324056128332,-0.01419120626814463,-0.06743140589434571,0.031727004293227834,0.28695890920584266,-0.02161161636937181,0.011922371753510186,0.014472952900010938,0.011783043089999667,0.013822819296903655,0.020990862469922433,-0.019486729043073137,0.0777428986007287,-0.0875822759648871,0.004815780342845244,-0.04938947365113866,-0.060115495348247894,-0.04122142489492897,,0.005952686429279597
2025-01-01,-0.07382357416438257,-0.027513904664836164,-0.04771300340742546,0.024279607728156627,-0.2552810827673452,-0.01338283287891806,-0.03243953529279808,-0.11642376528672349,0.030587080538736933,-0.12326253768167783,-0.08252671402135925,0.02286900045671736,-0.10010947797570313,-0.04179707658923082,-0.022509992432970694,-0.02576755840973688,-0.03949812389178209,-0.02899068293610385,0.015798784689639467,-0.000106295650722954,-0.03910976775945407,0.0645279075696974,-0.0057363526742229,-0.03223178868709531,0.13374439599470733,0.07431472105145787,-0.0016603893030719963,0.0898412742053929,-0.02283769431591698,0.15488034344885082,0.0042982315902810875,,-0.0014922465820577102
2025-02-01,0.029865139564178023,0.0012672807041647083,-0.05476672545450767,-0.03449547414408061,-0.15408101507466765,-0.19033273602694223,-0.0486007556739132,0.05653639090976248,-0.0532939710465834,-0.08284382889380304,-0.190023227453209,-0.176117801564597,-0.0779048575292084,0.01980872744921469,-0.03887295759034326,-0.14576297976763164,-0.09922204958405789,-0.06105066817495475,-0.06869241147749194,-0.1021918019422614,-0.1173184546663093,0.000867828324097486,-0.13537468900276917,-0.008302112680472429,-0.029632929696965626,-0.10316337795422637,-0.09568113265408218,0.041343733298355945,-0.16840716457791416,-0.23304202330813084,-0.1374030345777637,,-0.0965215749168169
2025-03-01,0.08512626767993847,0.07764595851754486,-0.02326375727617702,0.10393584853951365,0.10122759015368588,0.05876879234399035,0.02465356143716213,0.015286102859879414,0.0781102563862206,0.024809637786417982,0.18295438106709794,0.15857607121718753,0.011079060246436123,0.05529900306008573,0.11979893872978375,0.035844963005249086,0.1272366572946111,0.07198654058591103,0.03386417653552676,-0.06935466887018238,0.05371562927355655,0.140965291999694,0.031217289804372106,0.215621248174527,-0.035468290478012365,0.13064590320028913,0.04775865862223605,0.17137420228130185,0.17100104903706503,0.49104290655855887,0.03528310262628831,,0.011179647697360684
2025-04-01,0.07531767347108476,-0.04009049281450161,0.04708787791879199,0.07563167829202744,0.08192281904682752,0.01959066521987074,0.07481631795157906,-0.04312496553603229,-0.03239586971568331,0.03469675487378754,0.04041497070607636,-0.06611933470519782,-0.01569851301882097,0.0529482009593909,0.058330610067998556,0.009800093485938133,0.08294934628806039,-0.05184127321180698,0.221059010208007,-0.04491776258275337,0.03917023480023896,0.016995256877450293,0.09865712908061797,0.02231733714043793,0.06377705668131206,-0.02945316600981107,0.03422744006013523,0.040453896442219195,0.05889445163531182,0.044044689828872885,-0.04227499506912191,,0.002087085663837973
2025-05-01,0.006075842507514251,0.12035413769939107,-0.07584767931621317,-0.0044516685884544716,0.15886360854250525,0.1264994766665437,-0.05444817674084246,0.11436989164752465,0.031144658694594263,0.05684601023078151,0.16247635993739884,0.0698235629175521,0.05612841004030655,0.010337750095843035,0.013174547867613073,0.21244834658557044,0.053585456847434765,0.07305686656137422,-0.058917240547139316,0.04173056169056699,-0.018201040647120248,-0.06041390062873164,0.01638896157335923,0.16566436113252525,0.00505839841195499,-0.015526258520006553,-0.017767194118650687,-0.009429161399014285,-0.05757039441867373,-0.03512479494827336,0.0028085097046908203,,0.047002536650351034
2025-06-01,0.005871495062287346,0.07193982376608177,-0.01088092160790799,0.08264200022771995,0.1727789704163072,-0.014785978646991382,0.02742728053099852,0.03041472393944389,-0.013465867909810636,0.025655473403949358,0.16823656420417787,0.05782106822558286,0.056214083763180156,0.029101725793286848,0.0,0.004302616429661565,-0.02972808065265231,0.054243595595399485,0.09618641883146317,0.039442973885751575,0.014527292764270783,0.04280133208689496,0.06933616186451563,0.08388161241065739,0.00657513851622471,0.11922719600132736,0.2577214500860472,0.24456672819053993,0.03503020871356166,0.005193263959355043,-0.0004041655450988113,,0.06446232615894099
2025-07-01,-0.10907265958171897,-0.026966814356896407,0.09442593596495952,-0.047422363546892,-0.17458193195295435,-0.09241708788752456,0.04336722801880555,-0.08431574098965833,-0.039800996268680056,-0.010130147385627453,0.11126126126126135,-0.03979147343315226,-0.15081571162017826,0.01943654738745182,0.024623031564313225,-0.020830205158531623,-0.29936303032992795,-0.058842346051157346,-0.1379719906468806,-0.057934819874787324,-0.010805610487178319,-0.085463359455346,0.006251589260975576,0.11202622442527765,0.016774242853640153,-0.0843446162042415,0.18370313543141692,-0.11758200126958074,-0.02967653257293823,0.08944899325794808,-0.11502246973205221,,-0.020354588748430325
2025-08-01,-0.020878667111728144,-0.08544008688381621,-0.14198935841636662,-0.005072231213959055,-0.03808750672235872,-0.04351610161780728,0.02238521122773629,-0.10473486864751858,-0.004118667903933337,-0.0017384676264197152,-0.08731248574939199,-0.01335257464561257,-0.001160745412817743,-0.05463473831911647,-0.05643315908956348,-0.048552160266036704,0.03325937871040474,0.008241879523394724,-0.0672176140399019,-0.02611007595846615,-0.0053404698932806305,-0.008106689149646185,0.00690109172781761,-0.011087594216345753,0.17314399102060452,-0.07827104040551436,0.024092942368042047,-0.0842731114239339,-0.054123699058882146,-0.04358187319844131,0.019220389763074275,,0.02318857019763132
2025-09-01,0.08266363227169227,-0.04095536491102869,0.002358664453603998,-0.005506154248839157,0.032359236810126646,0.047315774069475625,-0.054171369235808675,-0.09029973119600554,0.07004687523421049,-0.02888661623625277,-0.08909224060927157,0.08001306897900728,-0.04791047077555588,-0.0006304913843320215,-0.028186236870769155,0.015679999999999916,-0.0043633735100524484,0.00870644872326598,0.01269931398540547,-0.01891664802155002,-0.02001228340835759,0.016528110561342624,0.07110486013439599,0.08641973929298907,0.09542887896054197,0.048641762355480456,-0.0673501190589687,-0.006903748336138271,0.022567483304781977,0.030661082113309757,-0.06363667688190278,,0.0008664559723465803
2025-10-01,0.08943096096284964,0.00954155638650267,-0.0065364521865269865,0.09374998578424165,0.0881667199632834,0.0728559157473958,-0.0013304063959547197,-0.00522447279000493,-0.0033337991888900964,-0.021328737948336784,0.045733812202888746,0.10651576370545235,0.11291615541043987,0.038170334167159536,-0.0020029311364058167,0.01205103969754262,-0.0009340345711501552,0.02345127964885707,0.06036749074215564,0.028089932069907952,0.04681868017185131,0.05495055308610475,0.01756637034487163,-0.11611840109366312,0.009794747021024452,-0.014052973699833493,0.04503816793893134,0.011395055885315752,0.028189211089726163,-0.03233691098403679,0.058717604673684365,,-0.007587342928804697
2025-11-01,0.03804339753906727,-0.0653499146549622,0.012764115108071294,0.022925333490508626,0.018901210258890355,-0.04766313170219871,0.01998268102596623,-0.04403434397950268,-0.03216264693504822,0.05110226660805073,-0.03869824604179284,0.006638745091049003,0.06206132365555672,0.020561114194225683,0.032334794039361237,-0.035255661919215475,0.001653939527600068,-0.05926206831674552,0.10299774769198233,0.06859825868254865,-0.03830146930418188,0.010560371077024344,0.07745472053172131,-0.02667460947842204,-0.017669591004571883,-0.06006743360103006,-0.06208911614317014,0.10703310172574532,-0.0631615629219846,-0.06768472376148771,0.029824040364810678,,-0.03278773852613304
2025-12-01,-0.008048704501692261,-0.014870858335507386,0.006397328725590068,0.001903311674024355,-0.10734601832020918,0.0313410925782156,-0.013060797598292817,-0.0435273311219494,0.08948790598548229,0.010009513105490697,0.003686028390553542,0.02634150714921968,-0.0005540603638887198,-0.016276264168594623,-0.03305013162463033,-0.01976444014198131,-0.03639876009693954,-0.02412478750427649,0.0441341796428838,0.03544647759343467,-0.0030921308395482905,0.03610430277160637,-0.01280177175928554,-0.0327779666780007,0.050125786163522035,-0.053407664983817105,-0.045872293157369515,-0.027499357491647336,-0.0033293811317245403,-0.04091045646526592,0.021896408976568305,,-0.029867399908819592
2026-01-01,0.07956514735898179,-0.04661016949152541,-0.005992087724122075,-0.06501716381793432,-0.08548076094554946,-0.014840960643035972,-0.12393306608661803,-0.07113401108420436,0.10463653131712869,-0.041922327988540675,-0.10785733145105714,0.06501335102214423,0.04453891188086323,-0.06250001154569373,0.009010332389573827,0.03802156201135709,-0.05535691871168269,-0.08572755178414593,0.06101489622201495,0.01584745276652022,-0.20062037527903243,-0.07319067995856399,-0.07478699072453854,-0.055121985516417116,-0.12565131460741452,-0.07332103883948948,-0.069790222597227,-0.06559195326952294,-0.03061233534534824,-0.03208946158717685,-0.025669010238002832,,-0.03177119108506876
2026-02-01,0.00985113817826444,0.00037037037037035425,0.033871037368533585,-0.04541062861841105,-0.036358128901150755,0.12780961293466575,0.018277908740086835,-0.03726013078836832,-0.02291550135564857,0.05598889632140547,-0.06272339390124482,0.11352295074908758,-0.17482729902675442,-0.04465967177831587,0.01763839440152215,-0.12296836597161653,-0.00907011223184484,-0.03951877341283605,0.023970345952440297,-0.20773919830229282,-0.026540402894950965,0.017647088742723582,-0.01002393670811963,-0.01339385370935342,0.017672443318035524,0.15862472102424996,-0.014040014340798379,0.03563549925334719,0.1643274893905362,0.03829384570597116,-0.1403870076316307,,0.041116034017810055
2026-03-01,-0.16084975190327455,-0.19048500555349868,-0.12470327052587249,-0.05156176336742313,-0.12010684846911235,-0.05650375117429429,-0.09197448782891393,-0.11757306105845633,0.05980445486545105,-0.024411119662686276,-0.10367546340899403,0.06441913118280529,-0.03419480299102584,-0.1759504502472895,-0.12546232282033143,-0.09546194178267942,-0.07569527595579317,-0.13134889268590522,-0.08088804774842062,-0.0380739950231066,-0.06336248487844731,-0.1488439703603176,-0.13030551712987082,-0.1621540085979335,-0.17170357407282766,-0.23146832101260628,-0.09754359021660097,-0.12321807448669164,0.0025919861088392615,-0.07965959519226384,-0.10559642462734165,,-0.05479006111660634
2026-04-01,0.16317918886787752,0.1430939858220901,0.08924623252220365,0.04914720286470753,0.16437376807840676,0.09157303370786507,0.004329398006470697,0.1242469850965986,-0.03629704886321772,-0.01808914877723955,0.10186976144422943,-0.029546849650476936,0.08169348358706574,0.10764814614730955,0.0961937122908374,0.06965820507695386,0.13281050538705075,0.10788358220465932,0.04711231016281703,0.03350393829524201,0.057525154990467176,0.05984718240453479,0.10325924889098914,0.2081195427131155,0.11400942629611577,0.1595882136950204,0.1319527108758629,0.09319128576314806,0.022458607765646343,0.18960988999394535,0.07011749261595934,,0.050734632217300346
